corpus,kind,n_docs,n_authors,author_unit,frac_at_cap,sent_median,sd_within,recovery,recovery_lo,recovery_hi,step_auth,step_lo,step_hi,step_p,flatten_auth,flatten_lo,flatten_hi,flatten_p,drift_auth,drift_lo,drift_hi,drift_p,slope_auth,slope_lo,slope_hi,slope_p,pre_auth,pre_lo,pre_hi,pre_p,v0_auth,v0_lo,v0_hi,v0_p,sd_auth,sd_lo,sd_hi,sd_p,vbar_auth,vbar_lo,vbar_hi,vbar_p,drift_z_auth,drift_z_lo,drift_z_hi,drift_z_p,slope_z_auth,slope_z_lo,slope_z_hi,slope_z_p
DreamSeer EN,dream,4114,891,person,0.10354885755955275,10.0,0.4098774090804973,0.14596866856101487,-0.02427768859708699,0.32006234682748474,0.024874125793885267,-0.004210981744522433,0.0535349463627186,0.09047738065483629,0.10683013284267216,0.06811744343508551,0.14593063133484233,0.00024993751562109475,-0.14553316803909155,-0.17378370201500615,-0.11768519417530945,0.00024993751562109475,-0.12350995501505523,-0.1455073975415429,-0.10100503653837697,0.00024993751562109475,-0.1704072938329768,-0.19962017322828488,-0.14110624473543093,0.00024993751562109475,-0.07322705657745239,-0.09286866812796236,-0.05421913566183501,0.00024993751562109475,0.39068017032189434,0.38542404666522184,0.39620189190475025,0.00024993751562109475,-0.19110546192573932,-0.20133573551500872,-0.18059804281976838,0.00024993751562109475,-0.3550651117015082,-0.423989461641386,-0.287122909357995,0.00024993751562109475,-0.3013338922292217,-0.3550022380300696,-0.2464274300088109,0.00024993751562109475
DreamSeer RU,dream,2059,519,person,0.13113161728994657,11.0,0.3742226172702777,0.14387842241897028,-0.13554877540592447,0.47346394442639056,0.017499299111805096,-0.016380952043820403,0.055080394854463234,0.34341414646338414,0.06032408274633249,0.015321409593641469,0.10468324845833149,0.00849787553111722,-0.10412629851149652,-0.13962838400163308,-0.06852638340328351,0.00024993751562109475,-0.09677833378536391,-0.12576416933998155,-0.06956694895711632,0.00024993751562109475,-0.1216255976233016,-0.1549592202265017,-0.08842846616353933,0.00024993751562109475,-0.07114125942129894,-0.09347566754127148,-0.04897540000139355,0.00024993751562109475,0.35156866690830313,0.34428706705134965,0.358523470643578,0.00024993751562109475,-0.15287671832899105,-0.16462868181518903,-0.14103111847219899,0.00024993751562109475,-0.27824694100809133,-0.3731158341527717,-0.18311662695093375,0.00024993751562109475,-0.2586116640712471,-0.33606779370352674,-0.18589723268081476,0.00024993751562109475
DreamBank,dream,5225,18,person,0.24842105263157896,15.0,0.4142659379799002,-0.1882064583422282,-0.9660373816525373,0.3856354611982984,-0.017029842557027306,-0.0760205431394168,0.031120036601420417,0.5773556610847288,0.03770745901317276,-0.021130002678125266,0.09860211476465554,0.2419395151212197,-0.1075147425282112,-0.1435437320569127,-0.06957889239936986,0.00024993751562109475,-0.06821202051410619,-0.08644817709614712,-0.046204455776951196,0.00024993751562109475,-0.09048489997118388,-0.13255228022952234,-0.04658937392461389,0.0012496875781054736,-0.06381584484374087,-0.09481625120843169,-0.03243249627103241,0.0022494376405898524,0.3940905448366718,0.3758199303285879,0.4114767372505178,0.00024993751562109475,-0.13904610293417716,-0.15878211084379798,-0.11684958206378752,0.00024993751562109475,-0.2595307329694765,-0.3465014110425784,-0.16795706820275857,0.00024993751562109475,-0.16465756476801088,-0.20867797511351635,-0.11153332084761695,0.00024993751562109475
Reddit r/Dreams,dream,4909,4310,person,0.18150336117335505,12.0,0.41898902739747573,0.5884109422966713,0.43463931108031983,0.7683810132027755,0.07594919591624442,0.05799085528232402,0.09414935069757517,0.00024993751562109475,0.14631311655406745,0.1241335873730812,0.1686559435780728,0.00024993751562109475,-0.053125895073398544,-0.07124562348260993,-0.0346038845670724,0.00024993751562109475,-0.09063223597772911,-0.10318697551174764,-0.0782346759118793,0.00024993751562109475,-0.12907509098964298,-0.14682920410692146,-0.1113514253426886,0.00024993751562109475,-0.14248855116849454,-0.15606323106151,-0.12935595662645144,0.00024993751562109475,0.40759900053469594,0.4046274842841989,0.41047753335035797,0.00024993751562109475,-0.2314748379316929,-0.2371936053261707,-0.226116830420949,0.00024993751562109475,-0.126795432814522,-0.1700417405323182,-0.08258899948290357,0.00024993751562109475,-0.21631171713656946,-0.2462760806713415,-0.18672249342143662,0.00024993751562109475
SDDb,dream,5293,113,person,0.3293028528244852,17.0,0.38999027304032563,0.6998796966372218,-0.053719027964598716,2.681286082298373,0.07828828160027337,-0.006075060800962538,0.16876917645192335,0.07848037990502374,0.17766135989342685,0.08196373568594233,0.27673831136116434,0.0007498125468632841,-0.03357134509904723,-0.1107685516506403,0.04587049475803749,0.3981504623844039,-0.03149541834225442,-0.08633523971415084,0.023666676181647063,0.27318170457385654,-0.11185962669932059,-0.18783046836018769,-0.036079318454628556,0.006748312921769558,-0.029306143557405157,-0.07205258625134144,0.013577711834906962,0.1854536365908523,0.3782970262219687,0.36355397993640287,0.39238369447181803,0.00024993751562109475,-0.12998928149783526,-0.1604174558544609,-0.0999238934020267,0.00024993751562109475,-0.08608251902625251,-0.2840290112548182,0.11761958676670478,0.3981504623844039,-0.08075949714519609,-0.22137793089322422,0.06068529862846063,0.27318170457385654
r/confession (waking narrative),waking narrative,5327,5327,document,0.21156373193166886,14.0,0.48362914728349987,0.3464227685264004,-0.010217731067138126,0.810914265389295,0.017555998542814782,-0.00043686841276596825,0.03552275131754991,0.05173706573356661,0.07051380522599121,0.04693464372098992,0.09225920593902552,0.00024993751562109475,-0.03312195954144684,-0.053252903320474304,-0.014546472842990233,0.0012496875781054736,-0.08585604329604854,-0.10051362073050048,-0.07160149012756906,0.00024993751562109475,-0.050677958084261614,-0.06943498032033983,-0.032066310512054774,0.00024993751562109475,-0.30735449980149265,-0.3208180573147391,-0.2941292576075561,0.00024993751562109475,0.4662034563578569,0.46277237458967085,0.4695035239558442,0.00024993751562109475,-0.3372752454021737,-0.3433913733259283,-0.33100577234961615,0.00024993751562109475,-0.06848627657677336,-0.11011102953490484,-0.03007774226325362,0.0012496875781054736,-0.1775245428822766,-0.2078320161120896,-0.1480504029373498,0.00024993751562109475
Gutenberg fiction,written narrative,3263,56,person,0.014097456328532026,8.0,0.4219416610282756,-0.24199296781858495,-1.183568836527861,0.4177648562851073,-0.010030039996249848,-0.036062795763555325,0.015384404515160491,0.4393901524618845,0.06998833538119546,0.03800283606681671,0.10140427516884067,0.00024993751562109475,-0.05147769067248385,-0.07384360943226166,-0.029813899117313962,0.00024993751562109475,-0.03286315454002915,-0.05518990744789838,-0.011285532420075106,0.0034991252186953262,-0.04144765067623401,-0.06391805749982529,-0.01656662789484498,0.0017495626093476631,-0.09840241981483203,-0.11915773668296319,-0.0786593226245541,0.00024993751562109475,0.40057879237473315,0.3891993754178605,0.41180968264028467,0.00024993751562109475,-0.14109857160822697,-0.156000631485284,-0.12663499387891664,0.00024993751562109475,-0.12200191502074542,-0.1750090504272655,-0.07065881819931509,0.00024993751562109475,-0.0778855410009558,-0.13079985349965226,-0.026746665386328913,0.0034991252186953262
Wikipedia openings,non-narrative,3385,3385,document,0.014771048744460856,8.0,0.26387281248728517,-0.5306578444290896,-1.7039072049754875,0.11181953754587869,-0.010866618568581175,-0.024421853694013777,0.002151187285684616,0.10372406898275431,0.004821376815987541,-0.01215070786223962,0.02205006464929354,0.5881029742564359,-0.03134425530317439,-0.04331616907335124,-0.01930059417295359,0.00024993751562109475,-0.03462880879228519,-0.04505366866849519,-0.024165142516557096,0.00024993751562109475,-0.020477636734593213,-0.03168060500478782,-0.0086386640889892,0.000999750062484379,0.05755750923314334,0.051156543617217935,0.06386364231895837,0.00024993751562109475,0.23652682600260938,0.23265680814560455,0.24047230563978314,0.00024993751562109475,0.04294520577123276,0.03717462637395269,0.04883768944278919,0.00024993751562109475,-0.11878546716397592,-0.16415548333702795,-0.07314354969359943,0.00024993751562109475,-0.13123295448997344,-0.17074009347085015,-0.0915787507199951,0.00024993751562109475
DreamSeer interp.,machine prose,2755,596,person,0.007622504537205082,7.0,0.4575350309224967,7.554557682497036,3.5472954752361385,50.15764194859858,0.2595925390887821,0.2269172996325927,0.2906261360243747,0.00024993751562109475,0.6174363745128018,0.5637889567900988,0.6689791543356041,0.00024993751562109475,0.2252301647448512,0.19389506941018378,0.2567202497068511,0.00024993751562109475,0.18511657173766236,0.1534197467235838,0.2175186264888239,0.00024993751562109475,-0.034362374343930885,-0.07223280826334061,0.0012085301865904664,0.06948262934266433,0.13082353005929862,0.10012622847329214,0.16134485783158917,0.00024993751562109475,0.43094937165432173,0.42179755350349224,0.43988723565420135,0.00024993751562109475,0.06745631239897912,0.04777348460617825,0.08752512651019538,0.00024993751562109475,0.4922686778556278,0.42378191024902806,0.561094194665802,0.00024993751562109475,0.4045954063111286,0.3353180332755156,0.4754141470878327,0.00024993751562109475
