corpus,kind,arm,n_docs,n_authors,auc_author,p_auc,frac_ending_awake,frac_any_awake,drift_1pa,n_dreams,drift,drift_lo,drift_hi,drift_auth,drift_auth_lo,drift_auth_hi,p_cluster,frac_authors_neg
DreamSeer EN,dream,full,6000,1153,0.657069236111111,0.0004997501249375312,0.09666666666666666,0.1475,-0.13035342411499176,6000,-0.1302422942960014,-0.14904741098667318,-0.11126658042968103,-0.1289097010997905,-0.15301216822055144,-0.10419463433579838,0.00024993751562109475,0.6652211621856028
DreamSeer EN,dream,no-wake-sentences,5917,1130,0.6606226566585762,0.0004997501249375312,0.09666666666666666,0.1475,-0.13912291251741085,5917,-0.13754580148824852,-0.15715298671470973,-0.11962355479309504,-0.1396667184952966,-0.16492381520551525,-0.11474384119602622,0.00024993751562109475,0.6769911504424779
DreamSeer EN,dream,drop-last-sentence,4968,996,0.6775969421188128,0.0004997501249375312,0.09666666666666666,0.1475,-0.17756742911822868,4968,-0.1598327385528604,-0.1789539886653055,-0.14090631080140098,-0.1767330570937476,-0.20429174955064472,-0.14967761026553014,0.00024993751562109475,0.6947791164658634
DreamSeer EN,dream,interior (drop first+last),4114,891,0.5914329351999044,0.0004997501249375312,0.09666666666666666,0.1475,-0.10508738169973396,4114,-0.08815944991918896,-0.1084241127885327,-0.06878052697020749,-0.10446622068348024,-0.13409017560214756,-0.07492817672263957,0.00024993751562109475,0.6049382716049383
DreamSeer EN,dream,reports NOT ending at awakening,5420,1056,0.657160935308615,0.0004997501249375312,0.09666666666666666,0.1475,-0.13552705121307748,5420,-0.13253891411069024,-0.15189947458976816,-0.11271682001227112,-0.13530959237844575,-0.16107337756836182,-0.10940312504061755,0.00024993751562109475,0.6666666666666666
DreamSeer EN,dream,reports ending at awakening,580,308,0.6386741973840666,0.0009995002498750624,0.09666666666666666,0.1475,-0.126965266470374,580,-0.10878077809666765,-0.1518477763700816,-0.06688421884837152,-0.12588739388143722,-0.17599181131941755,-0.07369727629204911,0.00024993751562109475,0.6396103896103896
DreamSeer RU,dream,full,2743,646,0.659034158361267,0.0004997501249375312,0.0929639081297849,0.16113744075829384,-0.09751688080952263,2743,-0.11439301954827472,-0.13721677400941737,-0.09173104973629316,-0.09881180875210716,-0.12942470593751093,-0.06776101044917272,0.00024993751562109475,0.6269349845201239
DreamSeer RU,dream,no-wake-sentences,2700,636,0.6546310013717422,0.0004997501249375312,0.0929639081297849,0.16113744075829384,-0.1013729696811335,2700,-0.11242395574433936,-0.13541190820157178,-0.08860626060688095,-0.10084243908461243,-0.13144202785980186,-0.07098591532313779,0.00024993751562109475,0.6242138364779874
DreamSeer RU,dream,drop-last-sentence,2358,580,0.6696385483175841,0.0004997501249375312,0.0929639081297849,0.16113744075829384,-0.11130424302167675,2358,-0.13238686098826952,-0.1547813243099486,-0.10941725917950211,-0.11188731780785345,-0.14455759581626781,-0.08210630000851676,0.00024993751562109475,0.6379310344827587
DreamSeer RU,dream,interior (drop first+last),2059,519,0.6067033227431814,0.0004997501249375312,0.0929639081297849,0.16113744075829384,-0.07431583791443637,2059,-0.09179317897828879,-0.11868803166106144,-0.06367741768542375,-0.07328149109304558,-0.1106086845518315,-0.03526062928458849,0.00024993751562109475,0.5664739884393064
DreamSeer RU,dream,reports NOT ending at awakening,2488,602,0.6473102387150347,0.0004997501249375312,0.0929639081297849,0.16113744075829384,-0.08412684544562006,2488,-0.10265149024144486,-0.12570881868841538,-0.0797783025507586,-0.08434908765680489,-0.11568052191333715,-0.05300916294717369,0.00024993751562109475,0.6146179401993356
DreamSeer RU,dream,reports ending at awakening,255,166,0.7762783544790465,0.0009995002498750624,0.0929639081297849,0.16113744075829384,-0.24493610765807422,255,-0.22895350941255982,-0.293734631917347,-0.16417894663890742,-0.24419694749927875,-0.3039288746134099,-0.186074816912551,0.00024993751562109475,0.7530120481927711
DreamBank,dream,full,6000,18,0.6501838285051347,0.0004997501249375312,0.03783333333333333,0.0725,-0.11995535057141549,6000,-0.09496336001406114,-0.12556420166467816,-0.07500016062943117,-0.11838522096114798,-0.1475350797811165,-0.09100383433884739,0.00024993751562109475,1.0
DreamBank,dream,no-wake-sentences,5973,18,0.6503839675662231,0.0004997501249375312,0.03783333333333333,0.0725,-0.10951158183937271,5973,-0.0986432373035988,-0.13546763800246764,-0.07701269897242262,-0.12423060775846959,-0.15925222358413962,-0.0918452579510224,0.00024993751562109475,1.0
DreamBank,dream,drop-last-sentence,5576,18,0.6453657477943027,0.0004997501249375312,0.03783333333333333,0.0725,-0.07427085681921905,5576,-0.10722389801671271,-0.13872499858709975,-0.08405028637879954,-0.09548920281109774,-0.1363876093726961,-0.05015798970756903,0.0012496875781054736,0.8333333333333334
DreamBank,dream,interior (drop first+last),5225,18,0.5802200851563158,0.0004997501249375312,0.03783333333333333,0.0725,-0.03409665262947479,5225,-0.051270364567851334,-0.07063690480970601,-0.039831769263157034,-0.030341276453180275,-0.06712157197425389,0.011490969527005722,0.17195701074731318,0.7777777777777778
DreamBank,dream,reports NOT ending at awakening,5773,18,0.6473132656262183,0.0004997501249375312,0.03783333333333333,0.0725,-0.10976299289407,5773,-0.09356037691356858,-0.12592733754972485,-0.07265673138967597,-0.11703313819097032,-0.15753854590526215,-0.07171991906656773,0.00024993751562109475,0.9444444444444444
DreamBank,dream,reports ending at awakening,227,13,0.704672811427942,0.0024987506246876563,0.03783333333333333,0.0725,-0.16707410210886828,227,-0.13064363067108103,-0.23012284077887626,-0.050120325437158886,-0.17657451684282038,-0.2996364914211991,-0.054553152144978155,0.018745313671582105,0.6923076923076923
Reddit r/Dreams,dream,full,6000,5203,0.6331384722222222,0.0004997501249375312,0.08533333333333333,0.4613333333333333,-0.056251849269867794,6000,-0.058236952643220624,-0.07518017406474148,-0.041697280434204766,-0.05619416034753819,-0.07268524529780666,-0.039483182210500165,0.00024993751562109475,0.5533346146453969
Reddit r/Dreams,dream,no-wake-sentences,5826,5051,0.6296154696354719,0.0004997501249375312,0.08533333333333333,0.4613333333333333,-0.06119308081369053,5826,-0.0631764476234525,-0.07991998779330689,-0.047537745397126956,-0.061269601779140974,-0.07854587694409289,-0.04539315612344706,0.00024993751562109475,0.5563254801029499
Reddit r/Dreams,dream,drop-last-sentence,5449,4754,0.6614728142081503,0.0004997501249375312,0.08533333333333333,0.4613333333333333,-0.1268259123149518,5449,-0.12484259702638544,-0.1402857659641095,-0.10906096393071472,-0.12697212212811315,-0.1435192326822572,-0.11085747894401494,0.00024993751562109475,0.5957088767353808
Reddit r/Dreams,dream,interior (drop first+last),4909,4310,0.6321872302813274,0.0004997501249375312,0.08533333333333333,0.4613333333333333,-0.09934437983234147,4909,-0.09923525054951043,-0.11565112205704986,-0.08302292453530388,-0.09936307063033814,-0.11654360840681849,-0.08226367319198738,0.00024993751562109475,0.5754060324825986
Reddit r/Dreams,dream,reports NOT ending at awakening,5488,4808,0.6306301383386934,0.0004997501249375312,0.08533333333333333,0.4613333333333333,-0.04692646904185278,5488,-0.04954515333333577,-0.06634081918318151,-0.03274860810473249,-0.046952726008446515,-0.06428225659185588,-0.029665774538049805,0.00024993751562109475,0.5463810316139767
Reddit r/Dreams,dream,reports ending at awakening,512,482,0.6870110609879123,0.0004997501249375312,0.08533333333333333,0.4613333333333333,-0.15265759183410788,512,-0.15140217649604892,-0.20149400826354005,-0.10177902486203991,-0.15228866507269614,-0.20435127291975239,-0.10083822905289506,0.00024993751562109475,0.6286307053941909
SDDb,dream,full,6000,159,0.6198004227829962,0.4617691154422789,0.026833333333333334,0.07216666666666667,-0.04193832913929093,6000,-0.04726412791479379,-0.1166028015982149,-0.026976735696538336,-0.04124468833660563,-0.10970738065635531,0.026487033494916743,0.23394151462134466,0.5660377358490566
SDDb,dream,no-wake-sentences,5963,151,0.6234021630961817,0.1454272863568216,0.026833333333333334,0.07216666666666667,-0.02078656246793142,5963,-0.04807125924412194,-0.11569433974431934,-0.02765974750551454,-0.02070772739058171,-0.08863750755824716,0.050720768160647585,0.5478630342414397,0.5629139072847682
SDDb,dream,drop-last-sentence,5617,129,0.6302468665618643,0.0029985007496251873,0.026833333333333334,0.07216666666666667,-0.09900846028844862,5617,-0.03991930273862067,-0.0932842562363052,-0.028289012312429865,-0.0966173659605931,-0.16904883411119623,-0.02130910567192469,0.010997250687328168,0.6356589147286822
SDDb,dream,interior (drop first+last),5293,113,0.5988741005027458,0.0004997501249375312,0.026833333333333334,0.07216666666666667,-0.021830701667123135,5293,-0.06401950773045255,-0.0867850468041411,-0.010822154300693925,-0.022340531787981066,-0.09830803443848857,0.05342455796592399,0.5688577855536116,0.5309734513274337
SDDb,dream,reports NOT ending at awakening,5839,149,0.6220261444777417,0.03548225887056472,0.026833333333333334,0.07216666666666667,-0.039691863436901925,5839,-0.045727365458038675,-0.11730695753533846,-0.02844212909914285,-0.03963356070754319,-0.10765285913217446,0.030401585535181352,0.25218695326168455,0.5637583892617449
DreamSeer interp.,waking,full,6000,1027,0.7513861111111111,0.0004997501249375312,0.006166666666666667,0.027666666666666666,0.26906084393661656,6000,0.2447168035109838,0.23008506882721516,0.25938091813605996,0.27015886156185426,0.24492928402712696,0.29591190737520223,0.00024993751562109475,0.2171372930866602
DreamSeer interp.,waking,no-wake-sentences,5970,1024,0.7515476601320393,0.0004997501249375312,0.006166666666666667,0.027666666666666666,0.26985535131023425,5970,0.2457016120554015,0.23119244740450146,0.26090432758680177,0.2705010031418693,0.24595554649517756,0.29644483202305255,0.00024993751562109475,0.2177734375
DreamSeer interp.,waking,drop-last-sentence,4336,806,0.6005331277920867,0.0004997501249375312,0.006166666666666667,0.027666666666666666,-0.02877395153688105,4336,-0.04275687446910544,-0.06332286605993884,-0.020838631420806972,-0.028958302723852757,-0.05842867042177432,5.755119119295385e-05,0.056485878530367406,0.5446650124069479
DreamSeer interp.,waking,interior (drop first+last),2755,596,0.5694197318190651,0.004997501249375313,0.006166666666666667,0.027666666666666666,0.0566428397808399,2755,0.06095609990660162,0.03002223660394909,0.09334070191819567,0.05703793907854744,0.017302805638119992,0.0962491660687609,0.005998500374906273,0.42953020134228187
DreamSeer interp.,waking,reports NOT ending at awakening,5963,1027,0.7515507289707244,0.0004997501249375312,0.006166666666666667,0.027666666666666666,0.27239507697836407,5963,0.2456703403455168,0.23100636583333412,0.2606352674102105,0.2713274759415051,0.24587208622649198,0.2971873472137846,0.00024993751562109475,0.21518987341772153
r/confession (waking narrative),waking narrative,full,6000,6000,0.61946,0.0004997501249375312,0.003,0.04816666666666667,-0.033800385596230616,6000,-0.03380038559623062,-0.052170468927407634,-0.016143864253892866,-0.03380038559623062,-0.052170468927407634,-0.016143864253892866,0.0012496875781054736,0.5325
r/confession (waking narrative),waking narrative,no-wake-sentences,5995,5995,0.6187296753410717,0.0004997501249375312,0.003,0.04816666666666667,-0.03490645575824135,5995,-0.03490645575824134,-0.05318843838234461,-0.016879392533506375,-0.03490645575824134,-0.05318843838234461,-0.016879392533506375,0.0007498125468632841,0.5336113427856547
r/confession (waking narrative),waking narrative,drop-last-sentence,5708,5708,0.6204603419894524,0.0004997501249375312,0.003,0.04816666666666667,-0.05305776920185256,5708,-0.05305776920185255,-0.07143485916415575,-0.03445166849497622,-0.05305776920185255,-0.07143485916415575,-0.03445166849497622,0.00024993751562109475,0.5392431674842326
r/confession (waking narrative),waking narrative,interior (drop first+last),5327,5327,0.6147166614381059,0.0004997501249375312,0.003,0.04816666666666667,-0.08166269248346911,5327,-0.0816626924834691,-0.10164404114584524,-0.06244088467040945,-0.0816626924834691,-0.10164404114584524,-0.06244088467040945,0.00024993751562109475,0.560352919091421
r/confession (waking narrative),waking narrative,reports NOT ending at awakening,5982,5982,0.6195238332950966,0.0004997501249375312,0.003,0.04816666666666667,-0.03458176420665892,5982,-0.03458176420665891,-0.0527613730197078,-0.016009119341684867,-0.03458176420665891,-0.0527613730197078,-0.016009119341684867,0.0004998750312421895,0.533099297893681
Gutenberg fiction,written narrative,full,6000,56,0.5352158773300754,0.001999000499750125,0.0023333333333333335,0.0185,-0.03780093671155295,6000,-0.04052700058619181,-0.05881201136128694,-0.0219861373560416,-0.04389976148134849,-0.06207267842101589,-0.025752455770044074,0.00024993751562109475,0.6964285714285714
Gutenberg fiction,written narrative,no-wake-sentences,5982,56,0.5367097898764756,0.0004997501249375312,0.0023333333333333335,0.0185,-0.03994474594115413,5982,-0.041039903281086546,-0.05906355222863948,-0.022694064555140996,-0.04474611790674316,-0.06278539057721,-0.026819347007716314,0.00024993751562109475,0.7142857142857143
Gutenberg fiction,written narrative,drop-last-sentence,4473,56,0.5508916478451998,0.0004997501249375312,0.0023333333333333335,0.0185,-0.05105606961396656,4473,-0.05382235907476246,-0.07119564104594668,-0.03642027964826636,-0.05234215385191649,-0.06982982553599655,-0.03396795300703761,0.00024993751562109475,0.7857142857142857
Gutenberg fiction,written narrative,interior (drop first+last),3263,56,0.5048654395502574,0.5647176411794103,0.0023333333333333335,0.0185,-0.009600146560197961,3263,-0.013362900823482588,-0.0323143830751684,0.0053101880698590755,-0.006186547520443024,-0.030999666384098096,0.020385222673804656,0.651587103224194,0.6071428571428571
Gutenberg fiction,written narrative,reports NOT ending at awakening,5986,56,0.5348992941642651,0.0014992503748125937,0.0023333333333333335,0.0185,-0.03820306478933032,5986,-0.04068790463810974,-0.058988162563868865,-0.02214032066197519,-0.044090930578013124,-0.06206427392594383,-0.02599900252102613,0.00024993751562109475,0.6964285714285714
Wikipedia openings,non-narrative,full,6000,6000,0.6491200000000001,0.0004997501249375312,0.00016666666666666666,0.0005,-0.021205578918258357,6000,-0.02120557891825835,-0.029815264577845422,-0.012915084129222664,-0.02120557891825835,-0.029815264577845422,-0.012915084129222664,0.00024993751562109475,0.5036666666666667
Wikipedia openings,non-narrative,no-wake-sentences,5999,5999,0.6482927457559697,0.0004997501249375312,0.00016666666666666666,0.0005,-0.021196129680136924,5999,-0.021196129680136917,-0.029665674440645627,-0.012875630285947641,-0.021196129680136917,-0.029665674440645627,-0.012875630285947641,0.00024993751562109475,0.5035839306551092
Wikipedia openings,non-narrative,drop-last-sentence,4475,4475,0.6424086638993789,0.0004997501249375312,0.00016666666666666666,0.0005,-0.01710891095952615,4475,-0.017108910959526148,-0.02706247858149546,-0.007363723714476939,-0.017108910959526148,-0.02706247858149546,-0.007363723714476939,0.0007498125468632841,0.4949720670391061
Wikipedia openings,non-narrative,interior (drop first+last),3385,3385,0.5756991157007304,0.0004997501249375312,0.00016666666666666666,0.0005,-0.023511407867162052,3385,-0.023511407867162055,-0.03623765271646762,-0.010857664145078052,-0.023511407867162055,-0.03623765271646762,-0.010857664145078052,0.00024993751562109475,0.5001477104874447
Wikipedia openings,non-narrative,reports NOT ending at awakening,5999,5999,0.6483367770103148,0.0004997501249375312,0.00016666666666666666,0.0005,-0.021196129680136924,5999,-0.021196129680136917,-0.029665674440645627,-0.012875630285947641,-0.021196129680136917,-0.029665674440645627,-0.012875630285947641,0.00024993751562109475,0.5035839306551092
