corpus,proxy,arm,n_dreams,n_authors,auc,auc_p,drift,drift_lo,drift_hi,drift_auth,drift_auth_lo,drift_auth_hi,p_cluster,frac_authors_neg,wake_end_rate
DreamSeer EN,embed_axis,full,6631,1391,0.6624236904420839,0.0033222591362126247,-0.07111614455583139,-0.08551667489564889,-0.05752286335341713,-0.08298541914376963,-0.10013104652744562,-0.06633137039420803,0.0006662225183211193,0.6254493170381021,0.13904388478359223
DreamSeer EN,embed_axis,no-wake-sentences,6630,1390,0.6760887369218486,0.0033222591362126247,-0.0923675234096622,-0.10794971292958412,-0.07619417242573592,-0.10583098923847975,-0.12285397933364993,-0.08908276699359292,0.0006662225183211193,0.6597122302158274,0.13904388478359223
DreamSeer EN,embed_axis,drop-last-sentence,6631,1391,0.6818792984723591,0.0033222591362126247,-0.10496011954135187,-0.11828024388559728,-0.09170776942965297,-0.11747564114595184,-0.13351506108242306,-0.10050047114113081,0.0006662225183211193,0.6829618979151689,0.13904388478359223
DreamSeer EN,embed_axis,drop-last-2-sentences,6631,1391,0.6641854027224218,0.0033222591362126247,-0.09116406021228186,-0.10365141267942561,-0.07836417937738722,-0.09220534719522064,-0.10753833334213617,-0.0746135465941258,0.0006662225183211193,0.6470165348670022,0.13904388478359223
DreamSeer EN,embed_axis,interior (drop first+last),6631,1391,0.5969959525622272,0.0033222591362126247,-0.0678114601354886,-0.08123758190639861,-0.05409143363745508,-0.08454149756135791,-0.10384280749284548,-0.0663931833633819,0.0006662225183211193,0.6132278936017254,0.13904388478359223
DreamSeer EN,embed_axis,reports NOT ending at awakening,5709,1227,0.6705005465069072,0.0033222591362126247,-0.08525099350704915,-0.10183950324423156,-0.06873603494457627,-0.10058973653214164,-0.11794407693876612,-0.08287366099022705,0.0006662225183211193,0.6503667481662592,0.13904388478359223
DreamSeer EN,embed_axis,reports ending at awakening,922,425,0.6465441129258312,0.0033222591362126247,0.016406472214778436,-0.008487532763627603,0.0389061104631724,-0.010038598997687382,-0.040508175726880695,0.019819098076315062,0.5169886742171885,0.49176470588235294,0.13904388478359223
DreamSeer EN,embed_axis,no-nightmare (drop top-decile threat),5958,1288,0.6642742095174434,0.0033222591362126247,-0.07180785971870955,-0.08679469092990272,-0.05752397783336735,-0.08641713336294732,-0.10444661458401996,-0.06881600686244568,0.0006662225183211193,0.6304347826086957,0.13904388478359223
DreamSeer RU,embed_axis,full,2059,519,0.681381799501407,0.0033222591362126247,-0.09347350525589693,-0.1153567982975455,-0.07248101987166153,-0.07607284625058747,-0.10269859016495624,-0.04760368078021742,0.0006662225183211193,0.6242774566473989,0.11559009227780476
DreamSeer RU,embed_axis,no-wake-sentences,2059,519,0.6893221797845088,0.0033222591362126247,-0.11137164566863099,-0.1344208437206581,-0.09066153640575443,-0.09438784023810985,-0.11972555574140634,-0.06608313453953128,0.0006662225183211193,0.6377649325626205,0.11559009227780476
DreamSeer RU,embed_axis,drop-last-sentence,2059,519,0.6964575102655869,0.0033222591362126247,-0.12144713868007549,-0.1445514449468645,-0.09813350237825814,-0.1074387292783575,-0.13616378256894715,-0.07647269335390729,0.0006662225183211193,0.6666666666666666,0.11559009227780476
DreamSeer RU,embed_axis,drop-last-2-sentences,2059,519,0.676574192957154,0.0033222591362126247,-0.10327917098593746,-0.12248302928479839,-0.08485290772486229,-0.09747958169633814,-0.1238055855194893,-0.06992503538462931,0.0006662225183211193,0.6608863198458574,0.11559009227780476
DreamSeer RU,embed_axis,interior (drop first+last),2059,519,0.6154599210198698,0.0033222591362126247,-0.08446054277835742,-0.10564793449507284,-0.061994572711824035,-0.06481504072502123,-0.09748399214130096,-0.03388583338911012,0.0013324450366422385,0.5876685934489403,0.11559009227780476
DreamSeer RU,embed_axis,reports NOT ending at awakening,1821,468,0.6784374352713989,0.0033222591362126247,-0.09833279550730167,-0.12228116006816184,-0.07563649353162588,-0.07422523496747847,-0.1025825178586314,-0.046089861611986825,0.0006662225183211193,0.6175213675213675,0.11559009227780476
DreamSeer RU,embed_axis,reports ending at awakening,238,159,0.6834599460540215,0.0033222591362126247,-0.05629380967687158,-0.11110917394601412,-0.0007733433975134357,-0.07516829837297707,-0.1352793579203849,-0.015435409099650181,0.009327115256495669,0.5220125786163522,0.11559009227780476
DreamBank,embed_axis,full,12506,50,0.6725296708280827,0.0033222591362126247,-0.07733645161690378,-0.09445680789259776,-0.06182371348152734,-0.07425368067935963,-0.09376350546044769,-0.05415101579391015,0.0006662225183211193,0.84,0.06021109867263713
DreamBank,embed_axis,no-wake-sentences,12506,50,0.6790975079892058,0.0033222591362126247,-0.08865814815921325,-0.10856635336549486,-0.07382915772363512,-0.0956747389866938,-0.11139130143632785,-0.07947012492075937,0.0006662225183211193,0.96,0.06021109867263713
DreamBank,embed_axis,drop-last-sentence,12506,50,0.6724252790915599,0.0033222591362126247,-0.08490424883290804,-0.10325178432410984,-0.07084139128695852,-0.08645827946162996,-0.10563480974918868,-0.06708015603623481,0.0006662225183211193,0.94,0.06021109867263713
DreamBank,embed_axis,drop-last-2-sentences,12506,50,0.6547814222807616,0.0033222591362126247,-0.08295293899832984,-0.09825020107929403,-0.06993615751447987,-0.08577583163936821,-0.1015634423692024,-0.06977303146808084,0.0006662225183211193,0.96,0.06021109867263713
DreamBank,embed_axis,interior (drop first+last),12506,50,0.5883357153597525,0.0033222591362126247,-0.0440307348739018,-0.06361479424415578,-0.027149694766085666,-0.04810920491366706,-0.06265483209287102,-0.032121922714559374,0.0006662225183211193,0.86,0.06021109867263713
DreamBank,embed_axis,reports NOT ending at awakening,11753,50,0.678103861520525,0.0033222591362126247,-0.08618294896039214,-0.10596524760503945,-0.07120485614622753,-0.08951280850487155,-0.10680000742403596,-0.071195245115243,0.0006662225183211193,0.96,0.06021109867263713
DreamBank,embed_axis,reports ending at awakening,753,43,0.6810189654449854,0.013289036544850499,0.06074174662747706,-0.0016787853045726676,0.10260050158272044,-0.04315466366549658,-0.10571218199613816,0.01605058555771912,0.1838774150566289,0.5116279069767442,0.06021109867263713
DreamBank,embed_axis,no-nightmare (drop top-decile threat),11253,50,0.6722004133408721,0.0033222591362126247,-0.07600418444880801,-0.09398862969960103,-0.05938044077384948,-0.07135735759886477,-0.09127507845292794,-0.05109449428248151,0.0006662225183211193,0.82,0.06021109867263713
Reddit r/Dreams,embed_axis,full,12277,10590,0.6548632089611266,0.0033222591362126247,-0.04178052040440083,-0.04906524476542427,-0.03455926797575475,-0.04150382045381743,-0.04883926434199324,-0.03392525190926973,0.0006662225183211193,0.5491029272898962,0.10246802964893703
Reddit r/Dreams,embed_axis,no-wake-sentences,12274,10587,0.660694451950554,0.0033222591362126247,-0.05192096137555663,-0.05970274791812064,-0.04409159314994177,-0.050981336848339255,-0.058633694879083674,-0.042910366088933845,0.0006662225183211193,0.5609710021724756,0.10246802964893703
Reddit r/Dreams,embed_axis,drop-last-sentence,12277,10590,0.6718383203303981,0.0033222591362126247,-0.08348248753879653,-0.0903003993991753,-0.07689447008906052,-0.08606930243902977,-0.09298714069049394,-0.07901018466045785,0.0006662225183211193,0.5944287063267233,0.10246802964893703
Reddit r/Dreams,embed_axis,drop-last-2-sentences,12277,10590,0.6641090559296787,0.0033222591362126247,-0.08818066942339331,-0.09537479339964615,-0.08090188926229067,-0.09058936847881978,-0.09780492954634055,-0.08313512871522738,0.0006662225183211193,0.6052880075542965,0.10246802964893703
Reddit r/Dreams,embed_axis,interior (drop first+last),12277,10590,0.625030978698207,0.0033222591362126247,-0.058810479996029986,-0.06629124004981934,-0.051661190641664516,-0.06044740626620799,-0.06807911526667226,-0.053517294304909646,0.0006662225183211193,0.5624173748819641,0.10246802964893703
Reddit r/Dreams,embed_axis,reports NOT ending at awakening,11019,9658,0.654518905688283,0.0033222591362126247,-0.044764723926606804,-0.05240779955869537,-0.037405122809736444,-0.043954360210433016,-0.05157524298910115,-0.036233190182934,0.0006662225183211193,0.5524953406502382,0.10246802964893703
Reddit r/Dreams,embed_axis,reports ending at awakening,1258,1158,0.6611953323404238,0.0033222591362126247,-0.015641459505205502,-0.037185218133693014,0.004589668112638781,-0.015251474895514011,-0.03713156269321183,0.005282396017313672,0.16189207195203198,0.5146804835924007,0.10246802964893703
Reddit r/Dreams,embed_axis,no-nightmare (drop top-decile threat),11045,9590,0.6574693714609623,0.0033222591362126247,-0.04112839483604975,-0.048488837921721956,-0.03404843027739849,-0.04175266506918791,-0.04907626437445113,-0.03451595569388989,0.0006662225183211193,0.5496350364963504,0.10246802964893703
SDDb,embed_axis,full,11666,1376,0.6536203066061705,0.0033222591362126247,-0.07228889065647276,-0.09679703940453081,-0.06014403804559177,-0.0719259616453778,-0.09369092587681077,-0.04933660698146586,0.0006662225183211193,0.5872093023255814,0.06823247042688153
SDDb,embed_axis,no-wake-sentences,11666,1376,0.6612137069000014,0.0033222591362126247,-0.08130528856456515,-0.10839898162342392,-0.0667055457007585,-0.09877578316605252,-0.12079230183219128,-0.07651201893007677,0.0006662225183211193,0.623546511627907,0.06823247042688153
SDDb,embed_axis,drop-last-sentence,11666,1376,0.6533969873053019,0.0033222591362126247,-0.07196550643221297,-0.10231647349404721,-0.0551096061115033,-0.09268474951120965,-0.11464822121884975,-0.07122852269383695,0.0006662225183211193,0.6140988372093024,0.06823247042688153
SDDb,embed_axis,drop-last-2-sentences,11666,1376,0.6423773653414576,0.0033222591362126247,-0.06304888810132822,-0.09185394398712433,-0.04795580469028619,-0.09358080477380558,-0.11479620253370794,-0.07258708697799982,0.0006662225183211193,0.6177325581395349,0.06823247042688153
SDDb,embed_axis,interior (drop first+last),11666,1376,0.5896925798304992,0.0033222591362126247,-0.055869282251864175,-0.06478395651956959,-0.04519293290923756,-0.03861803116407365,-0.06242796608156948,-0.014529890176047094,0.003997335109926716,0.5479651162790697,0.06823247042688153
SDDb,embed_axis,reports NOT ending at awakening,10870,1219,0.6608180204954363,0.0033222591362126247,-0.08114580921725933,-0.10989035844281449,-0.06673136191846311,-0.09005225553255247,-0.11410072452084802,-0.06634765255066091,0.0006662225183211193,0.6144380639868745,0.06823247042688153
SDDb,embed_axis,reports ending at awakening,796,268,0.6372709124441279,0.0033222591362126247,0.04865923089597692,0.005726511628524642,0.08209586740987851,0.04594932206303328,0.0027308065182987287,0.0905312006435272,0.029313790806129246,0.4552238805970149,0.06823247042688153
SDDb,embed_axis,no-nightmare (drop top-decile threat),10487,1079,0.6527648730160325,0.0033222591362126247,-0.06997246975904199,-0.09622448360232146,-0.05800406367571861,-0.0647083068981552,-0.08924467893025818,-0.039682037075534596,0.0006662225183211193,0.5848007414272475,0.06823247042688153
DreamSeer interp.,embed_axis,full,6935,1692,0.6517358373068699,0.0033222591362126247,0.07750802981118633,0.06874112695666752,0.08590318724577145,0.08186062114253834,0.0702453832503505,0.09356683186053949,0.0006662225183211193,0.3528368794326241,0.00850757029560202
DreamSeer interp.,embed_axis,no-wake-sentences,6935,1692,0.6510788977262862,0.0033222591362126247,0.0770804929224037,0.06835066019586766,0.08541550802184868,0.08101040168229703,0.06918415615002899,0.09307310782360124,0.0006662225183211193,0.35106382978723405,0.00850757029560202
DreamSeer interp.,embed_axis,drop-last-sentence,6935,1692,0.6720660328760886,0.0033222591362126247,-0.0920645158756699,-0.10381526077671639,-0.07877600816271518,-0.08688707103111547,-0.10067606763769546,-0.07208418240615881,0.0006662225183211193,0.6252955082742316,0.00850757029560202
DreamSeer interp.,embed_axis,drop-last-2-sentences,6935,1692,0.7439686365670722,0.0033222591362126247,-0.15080209078660695,-0.16302563633703365,-0.13609926311647047,-0.13307561820525518,-0.1469003467449224,-0.1195142927303998,0.0006662225183211193,0.7050827423167849,0.00850757029560202
DreamSeer interp.,embed_axis,interior (drop first+last),6935,1692,0.5378348439963426,0.053156146179401995,-0.0048936822170307075,-0.017386590945706968,0.009831001821301267,-0.013514251733918502,-0.029958825923895302,0.0037606238765943937,0.10193204530313124,0.5094562647754137,0.00850757029560202
DreamSeer interp.,embed_axis,reports NOT ending at awakening,6876,1679,0.6530349944341705,0.0033222591362126247,0.07833591144620818,0.06956952268595736,0.08740182526498246,0.08330523154721636,0.0710972531675109,0.09568570662485944,0.0006662225183211193,0.35020845741512807,0.00850757029560202
DreamSeer interp.,embed_axis,no-nightmare (drop top-decile threat),6231,1576,0.6526180656618055,0.0033222591362126247,0.07730401245166585,0.0680542886467234,0.08624866786138345,0.08147413022651671,0.0687524264177935,0.09355331664341905,0.0006662225183211193,0.3534263959390863,0.00850757029560202
DreamSeer EN,true_xlmr,full,2464,855,0.6806561483426223,0.0033222591362126247,-0.1270770772538668,-0.15097536411497753,-0.10246847203594654,-0.12384033878790858,-0.15417168703114964,-0.09286619568180245,0.0006662225183211193,0.6467836257309941,0.13433441558441558
DreamSeer EN,true_xlmr,no-wake-sentences,2463,854,0.68790493791759,0.0033222591362126247,-0.13984283330119388,-0.1626591728727412,-0.11441589238642359,-0.14765295615688132,-0.17735530212667994,-0.11645484978661096,0.0006662225183211193,0.6463700234192038,0.13433441558441558
DreamSeer EN,true_xlmr,drop-last-sentence,2464,855,0.7020772067960345,0.0033222591362126247,-0.1724840248980281,-0.1932304658575803,-0.1512628922403452,-0.18754445668563802,-0.2174582080225229,-0.15686125129027842,0.0006662225183211193,0.6842105263157895,0.13433441558441558
DreamSeer EN,true_xlmr,drop-last-2-sentences,2464,855,0.6735870824320893,0.0033222591362126247,-0.14118619429026186,-0.16375313094228522,-0.11866047669725169,-0.1395699496405241,-0.17170956789380648,-0.10922388089805322,0.0006662225183211193,0.6502923976608187,0.13433441558441558
DreamSeer EN,true_xlmr,interior (drop first+last),2464,855,0.617961031163657,0.0033222591362126247,-0.10573451953045056,-0.12835941746623056,-0.0821085150403273,-0.13020903176852985,-0.16147567179167846,-0.09834960818668764,0.0006662225183211193,0.6163742690058479,0.13433441558441558
DreamSeer EN,true_xlmr,reports NOT ending at awakening,2133,751,0.6791759243983082,0.0033222591362126247,-0.12808206239239298,-0.15658867627758813,-0.10172427087273951,-0.12568433992306458,-0.15908754383628745,-0.0900287869191917,0.0006662225183211193,0.6338215712383488,0.13433441558441558
DreamSeer EN,true_xlmr,reports ending at awakening,331,212,0.6863512604323475,0.0033222591362126247,-0.12060084371768456,-0.16958209919511127,-0.07123146949456699,-0.13250615059308302,-0.1939141843028135,-0.06713525044629293,0.0006662225183211193,0.6650943396226415,0.13433441558441558
DreamSeer RU,true_xlmr,full,1811,478,0.6677192218499924,0.0033222591362126247,-0.12921516524040522,-0.1599264213174562,-0.0985662563757415,-0.11544848670682982,-0.15018659689824765,-0.0784355764334574,0.0006662225183211193,0.6338912133891214,0.11209276642738818
DreamSeer RU,true_xlmr,no-wake-sentences,1811,478,0.6634198857312923,0.0033222591362126247,-0.12762816919272016,-0.15799245634711037,-0.09820008924286155,-0.11440809682497047,-0.15096103751593834,-0.07724151513684908,0.0006662225183211193,0.6276150627615062,0.11209276642738818
DreamSeer RU,true_xlmr,drop-last-sentence,1811,478,0.6719317134109399,0.0033222591362126247,-0.13708286359906197,-0.16252461641041346,-0.10998078125373933,-0.1279964952762986,-0.1631019412543138,-0.09282662228513695,0.0006662225183211193,0.6464435146443515,0.11209276642738818
DreamSeer RU,true_xlmr,drop-last-2-sentences,1811,478,0.6696152659071705,0.0033222591362126247,-0.12869042975798226,-0.15147522488679868,-0.106657269107245,-0.12487739762565764,-0.1562633589247848,-0.09059333498437416,0.0006662225183211193,0.6694560669456067,0.11209276642738818
DreamSeer RU,true_xlmr,interior (drop first+last),1811,478,0.601218141718751,0.0033222591362126247,-0.09786901047452255,-0.12613473244263373,-0.0685277803069599,-0.08133228854653063,-0.11908684677147911,-0.04317336992325797,0.0013324450366422385,0.5941422594142259,0.11209276642738818
DreamSeer RU,true_xlmr,reports NOT ending at awakening,1608,434,0.6612337606451355,0.0033222591362126247,-0.11471402265631886,-0.14578229336807028,-0.08059421074514865,-0.09775999666675182,-0.1363659773261235,-0.055667786633766134,0.0006662225183211193,0.619815668202765,0.11209276642738818
DreamSeer RU,true_xlmr,reports ending at awakening,203,138,0.7920939173111242,0.0033222591362126247,-0.24408135871435033,-0.31193340799583513,-0.1748279365936177,-0.2518737348333457,-0.3219114138943784,-0.18185653763401793,0.0006662225183211193,0.7753623188405797,0.11209276642738818
