corpus,edge,pos,mean,lo,hi
DreamSeer EN,start,1,-0.07322705657745239,-0.09286866812796236,-0.05421913566183501
DreamSeer EN,start,2,-0.13916812972694895,-0.15886446833954812,-0.11816201080128218
DreamSeer EN,start,3,-0.1966412486539556,-0.21935359512206448,-0.17466374030855109
DreamSeer EN,start,4,-0.19685627189709595,-0.21850554824888158,-0.17536236884063794
DreamSeer EN,start,5,-0.1860394279784285,-0.20832283879027663,-0.16393935535317058
DreamSeer EN,end,5,-0.20246061939931992,-0.22562935733011544,-0.18004910661418044
DreamSeer EN,end,4,-0.22804973981253288,-0.2499924635878634,-0.2064541887920052
DreamSeer EN,end,3,-0.1992159365567963,-0.22204719931496752,-0.17519118341682155
DreamSeer EN,end,2,-0.24363435041042922,-0.26674933203424955,-0.2205377584980981
DreamSeer EN,end,1,-0.21876022461654393,-0.24240696469787248,-0.19427016753116907
DreamSeer RU,start,1,-0.07114125942129894,-0.09347566754127148,-0.04897540000139355
DreamSeer RU,start,2,-0.11948536595155497,-0.14522025282223094,-0.09427071845065083
DreamSeer RU,start,3,-0.13968234145235905,-0.16708707018192998,-0.11225126256387172
DreamSeer RU,start,4,-0.14968134319574822,-0.1743204997665633,-0.12302054155455315
DreamSeer RU,start,5,-0.14054587373186775,-0.16644837284414407,-0.11476474823304414
DreamSeer RU,end,5,-0.17030002075287248,-0.19698116991395717,-0.14270226316993292
DreamSeer RU,end,4,-0.16375266894123697,-0.1883802072410904,-0.13779763732571995
DreamSeer RU,end,3,-0.19533140233938595,-0.22053277873143146,-0.16925305995326365
DreamSeer RU,end,2,-0.19276685704460056,-0.22039948981684915,-0.1645569428634865
DreamSeer RU,end,1,-0.17526755793279547,-0.2041511722610743,-0.14492366477282992
DreamBank,start,1,-0.06381584484374087,-0.09481625120843169,-0.03243249627103241
DreamBank,start,2,-0.12395946836174448,-0.14718958422604814,-0.10032855314279189
DreamBank,start,3,-0.10027952478401299,-0.13685466016805398,-0.058905043980209494
DreamBank,start,4,-0.15368342136360746,-0.18815987815322846,-0.11916112372248296
DreamBank,start,5,-0.15950891988558638,-0.18957932293634505,-0.12795617540626558
DreamBank,end,5,-0.11519886229222068,-0.14097513595216782,-0.08632701776113741
DreamBank,end,4,-0.13299646627539943,-0.16288392937626778,-0.09671482983415977
DreamBank,end,3,-0.16015707491740308,-0.19175409565674417,-0.1268466959511882
DreamBank,end,2,-0.15430074481492476,-0.19664991150090225,-0.1086177158157855
DreamBank,end,1,-0.17133058737195206,-0.21180934480241861,-0.13045756922102386
Reddit r/Dreams,start,1,-0.14248855116849454,-0.15606323106151,-0.12935595662645144
Reddit r/Dreams,start,2,-0.17220057152779938,-0.18484417157459185,-0.15932044506385235
Reddit r/Dreams,start,3,-0.1995647602956434,-0.21158497211402405,-0.18716383159108974
Reddit r/Dreams,start,4,-0.21959577253577905,-0.2330931379305906,-0.20714313807484988
Reddit r/Dreams,start,5,-0.24358812833141041,-0.25632803317817093,-0.23145333311537983
Reddit r/Dreams,end,5,-0.2578445777725322,-0.2707469091419516,-0.245165757129624
Reddit r/Dreams,end,4,-0.26670084535154015,-0.27957882632257297,-0.25386588703633667
Reddit r/Dreams,end,3,-0.27802028333693324,-0.290658591323441,-0.2653338060402122
Reddit r/Dreams,end,2,-0.27156364215813755,-0.284905189588193,-0.2584824494988699
Reddit r/Dreams,end,1,-0.1956144462418931,-0.21018712815352505,-0.18159399009403115
SDDb,start,1,-0.029306143557405157,-0.07205258625134144,0.013577711834906962
SDDb,start,2,-0.11882523846874468,-0.17354483765951773,-0.06930383010673447
SDDb,start,3,-0.1488265529203033,-0.20353521002248737,-0.093794760479186
SDDb,start,4,-0.15016440560440764,-0.21289987003360553,-0.08590571187545265
SDDb,start,5,-0.12801094105953417,-0.18411871212864847,-0.06960425900170329
SDDb,end,5,-0.14920374222908936,-0.2037333715072375,-0.09075879320218684
SDDb,end,4,-0.13498480387624617,-0.20006206461639264,-0.06964672752611314
SDDb,end,3,-0.1436076875553641,-0.20709990786442184,-0.07869813325327003
SDDb,end,2,-0.14116577025672575,-0.21060993294911265,-0.0725962596732325
SDDb,end,1,-0.06287748865645239,-0.12896581499105528,0.008969852094113493
r/confession (waking narrative),start,1,-0.30735449980149265,-0.3208180573147391,-0.2941292576075561
r/confession (waking narrative),start,2,-0.2763697654022852,-0.29031515114094353,-0.2627684430084788
r/confession (waking narrative),start,3,-0.3000030767453003,-0.3139141234330083,-0.28617647132200424
r/confession (waking narrative),start,4,-0.31410426629617355,-0.3279737621517294,-0.29986196003927
r/confession (waking narrative),start,5,-0.31774641452306474,-0.33152161254501206,-0.3033983800155328
r/confession (waking narrative),end,5,-0.3662654260743038,-0.3799505742290201,-0.3530665537614815
r/confession (waking narrative),end,4,-0.37402191234013704,-0.38778142807797167,-0.3602061269637348
r/confession (waking narrative),end,3,-0.3805104318963546,-0.39418498817565534,-0.3663395700733413
r/confession (waking narrative),end,2,-0.3580324578857543,-0.37206872567004357,-0.34373192130251445
r/confession (waking narrative),end,1,-0.34047645934293946,-0.3552716809856056,-0.32573336562717314
Gutenberg fiction,start,1,-0.09840241981483203,-0.11915773668296319,-0.0786593226245541
Gutenberg fiction,start,2,-0.13366352297062303,-0.15377302724495004,-0.11310894197951114
Gutenberg fiction,start,3,-0.1445091779802373,-0.16701787231055112,-0.12171497827191059
Gutenberg fiction,start,4,-0.15348293462706902,-0.17291923353299596,-0.13375546539456415
Gutenberg fiction,start,5,-0.14708658743170577,-0.16928796169059637,-0.12442361740901928
Gutenberg fiction,end,5,-0.16255799784434868,-0.1840060884902986,-0.14198926456696787
Gutenberg fiction,end,4,-0.1478947361027634,-0.16676487132701714,-0.12911090191693134
Gutenberg fiction,end,3,-0.14914715096141995,-0.16806037572597807,-0.13065189483566314
Gutenberg fiction,end,2,-0.13985007049106604,-0.1637273813877881,-0.11556255717528492
Gutenberg fiction,end,1,-0.1498801104873159,-0.16983224521304396,-0.13068761940750848
Wikipedia openings,start,1,0.05755750923314334,0.051156543617217935,0.06386364231895837
Wikipedia openings,start,2,0.06059128036571218,0.0522851639779689,0.06876347732272114
Wikipedia openings,start,3,0.054376369740049106,0.04478361608411022,0.06375372993780447
Wikipedia openings,start,4,0.050989860400799634,0.04106915470518095,0.06085221412471954
Wikipedia openings,start,5,0.04538438808244476,0.034668213945718555,0.056308829052596626
Wikipedia openings,end,5,0.03820037794033921,0.02744394695210206,0.0481272315209184
Wikipedia openings,end,4,0.03121125577306554,0.02019809390614951,0.041752176105527644
Wikipedia openings,end,3,0.03412780914031949,0.022885522672045355,0.045524476227574766
Wikipedia openings,end,2,0.037079872498550125,0.025735463393931905,0.04852135535897728
Wikipedia openings,end,1,0.02621325392996895,0.01451994065041248,0.038058779891332724
DreamSeer interp.,start,1,0.13082353005929862,0.10012622847329214,0.16134485783158917
DreamSeer interp.,start,2,0.03942321663682031,0.007683877814000832,0.07103998775642294
DreamSeer interp.,start,3,-0.0469332391247784,-0.07961863227395052,-0.015119109292426916
DreamSeer interp.,start,4,-0.07965950478269584,-0.11297388978232831,-0.04540725562290362
DreamSeer interp.,start,5,-0.006033663039896031,-0.038354150153967544,0.028111469790059632
DreamSeer interp.,end,5,-0.026100613084620163,-0.058092081103788565,0.006788090635626449
DreamSeer interp.,end,4,-0.04528617802080205,-0.07761409943701249,-0.01298916789196982
DreamSeer interp.,end,3,-0.005980464470006177,-0.03806988432516454,0.027910273098400062
DreamSeer interp.,end,2,0.09646115571536774,0.06437656531545309,0.12927477482057173
DreamSeer interp.,end,1,0.35605369480414983,0.33059745741104074,0.38041564923327814
