lang,metric,signal,n_weeks,r_level,p_level,r_diff,p_diff,best_lag_w,ccf_best,q_level,q_diff
all,neg_sentiment,vix,120,0.04250379895611068,0.7583333333333333,0.03963449782460832,0.6638655462184874,0,0.13101656662442052,0.9014150943396226,0.9838709677419355
all,neg_sentiment,dff,120,0.35653174526989173,0.31666666666666665,-0.10789076111839167,0.1092436974789916,2,0.1845478860580465,0.75,0.9838709677419355
all,neg_sentiment,dollar,120,0.3173710740773814,0.55,-0.07129107630201367,0.4117647058823529,4,0.16849508819714232,0.8375000000000001,0.9838709677419355
all,neg_sentiment,yield_2s10s,120,-0.41220992566506715,0.3416666666666667,0.031048120962273485,0.6890756302521008,2,-0.22697190663070269,0.75,0.9838709677419355
all,neg_sentiment,hy_spread,120,0.15170891249166682,0.18333333333333332,0.1831660852679598,0.03361344537815126,0,0.1564407964345271,0.75,0.9838709677419355
all,neg_sentiment,sp500_ret,120,-0.11083341929439709,0.15833333333333333,-0.15437455761526422,0.15126050420168066,6,0.2286175252720954,0.7125,0.9838709677419355
all,neg_sentiment,epu,120,-0.30731791047060775,0.35833333333333334,0.013511434463484014,0.8991596638655462,-2,-0.16540922472660077,0.75,0.9838709677419355
all,nightmare_index,vix,120,0.15190121770369544,0.3333333333333333,0.055479827651550545,0.5042016806722689,4,-0.23239589185434198,0.75,0.9838709677419355
all,nightmare_index,dff,120,-0.6709186047111874,0.008333333333333333,-0.01473441002984903,0.8319327731092437,-1,-0.1956635567978528,0.08750000000000001,0.9838709677419355
all,nightmare_index,dollar,120,-0.4202886004672194,0.3333333333333333,-0.010351768417262937,0.907563025210084,-4,-0.17481932912625822,0.75,0.9838709677419355
all,nightmare_index,yield_2s10s,120,0.6620709788684356,0.008333333333333333,-0.050305657332149444,0.4957983193277311,-5,0.23044667058386048,0.08750000000000001,0.9838709677419355
all,nightmare_index,hy_spread,120,-0.21715912677331073,0.14166666666666666,0.13230047944560538,0.10084033613445378,4,-0.2035035997258797,0.6865384615384614,0.9838709677419355
all,nightmare_index,sp500_ret,120,0.008305438301688063,0.9583333333333334,-0.0862273093147129,0.4117647058823529,3,0.19899546028262774,0.9666666666666667,0.9838709677419355
all,nightmare_index,epu,120,0.46987231999584206,0.09166666666666666,0.08033645396628879,0.5294117647058824,3,-0.1084628535019924,0.5249999999999999,0.9838709677419355
all,negativity,vix,120,0.12560810366553868,0.25833333333333336,0.0185929098050475,0.8571428571428571,6,-0.22544000010500298,0.75,0.9838709677419355
all,negativity,dff,120,-0.15563545173827184,0.30833333333333335,-0.029417019259463995,0.6638655462184874,-4,-0.07778940037547916,0.75,0.9838709677419355
all,negativity,dollar,120,0.025343238683563328,0.9333333333333333,-0.012311462462038814,0.8991596638655462,-6,-0.10247661095715563,0.9666666666666667,0.9838709677419355
all,negativity,yield_2s10s,120,0.059899809382391256,0.75,-0.011580010363820331,0.8739495798319328,6,-0.1374864771510145,0.9014150943396226,0.9838709677419355
all,negativity,hy_spread,120,0.009342062495760502,0.9583333333333334,0.11300602371429404,0.19327731092436976,6,-0.21749308805302597,0.9666666666666667,0.9838709677419355
all,negativity,sp500_ret,120,-0.02961118952705062,0.7333333333333333,-0.08415311238161328,0.4789915966386555,3,0.26195483897429855,0.9014150943396226,0.9838709677419355
all,negativity,epu,120,0.05516990793458949,0.6583333333333333,0.10314644702789864,0.3865546218487395,3,-0.11996585718348687,0.9014150943396226,0.9838709677419355
en,neg_sentiment,vix,120,0.04857305076477661,0.625,0.0574325060666212,0.5042016806722689,4,-0.12379000095305416,0.875,0.9838709677419355
en,neg_sentiment,dff,120,0.017523331872424663,0.9083333333333333,-0.09018379748423509,0.19327731092436976,5,0.11472275445534819,0.9666666666666667,0.9838709677419355
en,neg_sentiment,dollar,120,-0.03256909461072353,0.7916666666666666,-0.0534828442645438,0.4957983193277311,-6,-0.12390392446234115,0.9068181818181819,0.9838709677419355
en,neg_sentiment,yield_2s10s,120,-0.062243513177978514,0.7583333333333333,0.018013322208882465,0.8235294117647058,-1,-0.1469209188426627,0.9014150943396226,0.9838709677419355
en,neg_sentiment,hy_spread,120,0.007335322658506794,0.9666666666666667,0.17963422439461785,0.025210084033613446,2,-0.06486395437926538,0.9666666666666667,0.9838709677419355
en,neg_sentiment,sp500_ret,120,-0.09542724149683705,0.36666666666666664,-0.15929188153292362,0.15966386554621848,6,0.19746033351712883,0.75,0.9838709677419355
en,neg_sentiment,epu,120,-0.10174636809505044,0.44166666666666665,0.007190540218016043,0.9747899159663865,-2,-0.20776150780513086,0.7777777777777778,0.9838709677419355
en,nightmare_index,vix,120,0.1928071197655622,0.11666666666666667,0.07401364334353636,0.37815126050420167,4,-0.1845546897938318,0.6125,0.9838709677419355
en,nightmare_index,dff,120,-0.5050509650562097,0.008333333333333333,-0.008969504434325506,0.9243697478991597,-2,-0.24751189987367656,0.08750000000000001,0.9838709677419355
en,nightmare_index,dollar,120,-0.18686670854450582,0.5083333333333333,0.02763142397171436,0.7647058823529411,-4,-0.17615476832214175,0.8006249999999999,0.9838709677419355
en,nightmare_index,yield_2s10s,120,0.45573187015688554,0.008333333333333333,-0.04812695988209937,0.5462184873949579,-5,0.24780132603602237,0.08750000000000001,0.9838709677419355
en,nightmare_index,hy_spread,120,-0.12361954857035934,0.375,0.14917701707292477,0.05042016806722689,4,-0.18850678523502074,0.75,0.9838709677419355
en,nightmare_index,sp500_ret,120,-0.04419989957090269,0.5916666666666667,-0.1015193461647635,0.3445378151260504,3,0.19708243914225837,0.8471590909090909,0.9838709677419355
en,nightmare_index,epu,120,0.3538770939524017,0.008333333333333333,0.08765627078092507,0.5042016806722689,4,0.17088753372314716,0.08750000000000001,0.9838709677419355
en,negativity,vix,120,0.12693302698597966,0.275,0.03003569842434967,0.7899159663865546,6,-0.22473477369379571,0.75,0.9838709677419355
en,negativity,dff,120,-0.30875312255859094,0.008333333333333333,-0.019183538929110802,0.8235294117647058,-4,-0.17520176326626707,0.08750000000000001,0.9838709677419355
en,negativity,dollar,120,-0.13666600034743637,0.275,0.013488004894261893,0.9243697478991597,-6,-0.19550251438845762,0.75,0.9838709677419355
en,negativity,yield_2s10s,120,0.21589952354000977,0.06666666666666667,-0.017504161656284524,0.8571428571428571,-5,0.1321001054587456,0.42000000000000004,0.9838709677419355
en,negativity,hy_spread,120,-0.05377861722749639,0.5583333333333333,0.11943040543048408,0.16806722689075632,6,-0.24234375507423475,0.8375000000000001,0.9838709677419355
en,negativity,sp500_ret,120,-0.0282370771433625,0.7416666666666667,-0.09910711160039636,0.3445378151260504,3,0.2634208062610368,0.9014150943396226,0.9838709677419355
en,negativity,epu,120,0.15213428433885307,0.24166666666666667,0.10455850601988058,0.3949579831932773,4,0.11562741918261711,0.75,0.9838709677419355
ru,neg_sentiment,vix,63,-0.0958963051270896,0.5079365079365079,0.010476943960008625,0.9354838709677419,6,0.23165990104013948,0.8006249999999999,0.9838709677419355
ru,neg_sentiment,dff,63,-0.18628321019852648,0.23809523809523808,-0.06369419953362501,0.532258064516129,2,-0.14838798600889766,0.75,0.9838709677419355
ru,neg_sentiment,dollar,63,-0.3420040122975449,0.047619047619047616,-0.11040870890599262,0.46774193548387094,2,-0.3072675856841598,0.3333333333333333,0.9838709677419355
ru,neg_sentiment,yield_2s10s,63,0.10578782243541761,0.49206349206349204,-0.03748975585913932,0.8225806451612904,-5,0.15247980315638116,0.8006249999999999,0.9838709677419355
ru,neg_sentiment,hy_spread,63,-0.2806575760055443,0.047619047619047616,0.0697308707828001,0.6290322580645161,-6,0.25407074220607034,0.3333333333333333,0.9838709677419355
ru,neg_sentiment,sp500_ret,63,-0.09760606178647356,0.3968253968253968,-0.13040692547299668,0.27419354838709675,5,-0.2407655274744203,0.7575757575757576,0.9838709677419355
ru,neg_sentiment,epu,63,-0.1278521782471595,0.23809523809523808,-0.03596044882012609,0.9032258064516129,-1,0.1922770226964809,0.75,0.9838709677419355
ru,nightmare_index,vix,63,0.023597662236208114,0.9365079365079365,-0.034052373834728526,0.8870967741935484,6,0.28957991802810157,0.9666666666666667,0.9838709677419355
ru,nightmare_index,dff,63,-0.07126964965700003,0.8571428571428571,0.07179908323339679,0.46774193548387094,-5,-0.27117325573683726,0.9642857142857143,0.9838709677419355
ru,nightmare_index,dollar,63,0.14309468937764225,0.4444444444444444,-0.07620245219713548,0.5806451612903226,-6,-0.2439720929665062,0.7777777777777778,0.9838709677419355
ru,nightmare_index,yield_2s10s,63,-0.18931174333270856,0.2222222222222222,0.0724194786633961,0.5645161290322581,3,-0.21688477121376376,0.75,0.9838709677419355
ru,nightmare_index,hy_spread,63,0.033789138142717196,0.9047619047619048,-0.10681293302311928,0.3548387096774194,-6,-0.35470680542814204,0.9666666666666667,0.9838709677419355
ru,nightmare_index,sp500_ret,63,0.08800164671164926,0.47619047619047616,0.13066985618417856,0.46774193548387094,-5,-0.23706295547672668,0.8006249999999999,0.9838709677419355
ru,nightmare_index,epu,63,0.04197361776463907,0.7301587301587301,0.00819168187753809,0.9354838709677419,-1,-0.3397438290605517,0.9014150943396226,0.9838709677419355
ru,negativity,vix,63,0.05647102444019125,0.7301587301587301,-0.017279707247410358,0.8870967741935484,2,0.29875307586715333,0.9014150943396226,0.9838709677419355
ru,negativity,dff,63,-0.3466799786045842,0.047619047619047616,-0.012108338187881703,0.9516129032258065,6,-0.3907571837365079,0.3333333333333333,0.9838709677419355
ru,negativity,dollar,63,-0.05918849151761653,0.7777777777777778,-0.005749807875525412,0.9838709677419355,4,0.25935264922527307,0.9068181818181819,0.9838709677419355
ru,negativity,yield_2s10s,63,-0.17117114318048235,0.38095238095238093,0.10629411698450783,0.43548387096774194,3,-0.3074895824341716,0.75,0.9838709677419355
ru,negativity,hy_spread,63,-0.15568973892268675,0.30158730158730157,-0.0810175054929106,0.5806451612903226,-6,-0.3186652593094353,0.75,0.9838709677419355
ru,negativity,sp500_ret,63,-0.06412663824473296,0.5873015873015873,0.009347474888937723,0.9838709677419355,-5,-0.2599579909902168,0.8471590909090909,0.9838709677419355
ru,negativity,epu,63,-0.08760227403428175,0.4444444444444444,0.09194919851156796,0.532258064516129,2,0.278453903120221,0.7777777777777778,0.9838709677419355
