date,n,n_users,obs,null_mean,excess,z,p
2024-03-25,70,55,0.19162193129371488,0.25431056141803005,-0.06268863012431516,-3.7871810320560284,1.0
2024-03-26,35,28,0.1756184718176921,0.22491265579351857,-0.04929418397582647,-1.8138839345445112,0.972027972027972
2024-03-27,23,21,0.17795682458490455,0.24499315780293704,-0.06703633321803248,-2.212030275867001,0.989010989010989
2024-03-30,21,14,0.24805805494824837,0.22287489058601648,0.02518316436223189,0.7292686530999004,0.22077922077922077
2024-03-31,21,16,0.241529136678386,0.22646613491500123,0.015063001763384765,0.4107935290580014,0.33266733266733267
2024-04-24,34,26,0.19022586260622085,0.2423672362609252,-0.052141373654704365,-1.7458795008573489,0.9690309690309691
2024-04-26,28,15,0.20036293092308738,0.20766097095296832,-0.007298040029880937,-0.21308914892049743,0.5774225774225774
2024-04-27,22,20,0.16488397796065815,0.22655773402229926,-0.061673756061641105,-2.0909370052792715,0.993006993006993
2024-05-09,20,17,0.2808805390402591,0.20011662000755587,0.08076391903270325,2.321620039442777,0.01998001998001998
2024-05-16,24,18,0.2354643573214491,0.2011679298400536,0.0342964274813955,1.001827806273301,0.15784215784215785
2024-05-17,27,22,0.25446153196829574,0.20806849956860315,0.046393032399692585,1.6381643546763296,0.055944055944055944
2024-05-19,32,25,0.22482018258394793,0.21281735223909912,0.012002830344848808,0.38919907441136614,0.35064935064935066
2024-05-20,21,18,0.23122893590029808,0.21768013587979695,0.013548800020501128,0.41280672980060523,0.3116883116883117
2024-05-23,20,19,0.22014504967670367,0.2014863162572193,0.018658733419484375,0.5449267355033193,0.28471528471528473
2024-05-24,26,22,0.21643865566323686,0.21216561107819548,0.00427304458504138,0.14585144824911953,0.42657342657342656
2024-05-26,20,11,0.19116623345149253,0.21741826890732346,-0.026252035455830935,-0.5429572764536609,0.6823176823176823
2024-05-28,22,19,0.21074797314221258,0.216250347828479,-0.005502374686266409,-0.15664336932699455,0.5294705294705294
2024-05-29,20,15,0.27085400042686925,0.2295630990249345,0.041290901401934754,0.9905732723306231,0.17782217782217782
2024-06-01,23,12,0.3078260100081249,0.2201525967274295,0.08767341328069536,2.2198814764601407,0.02097902097902098
2024-06-06,21,16,0.2029809468084873,0.19968952479130705,0.0032914220171802455,0.09229167451399882,0.4385614385614386
2024-06-08,31,22,0.23585865375558077,0.2215235062933764,0.014335147462204378,0.4807086604715091,0.30569430569430567
2024-06-10,32,16,0.20142085345640812,0.22779460311695293,-0.026373749660544815,-0.7091742179628866,0.7422577422577422
2024-06-11,25,18,0.23911917731447913,0.21416270438916718,0.024956472925311945,0.760012405976123,0.2077922077922078
2024-06-12,25,19,0.2739664819124345,0.23020383743483888,0.04376264447759562,1.273552679417062,0.10989010989010989
2024-06-13,22,21,0.1570312681590226,0.20408534656981828,-0.047054078410795674,-1.576821944292179,0.9500499500499501
2024-06-14,27,21,0.2170763235967367,0.21747931682680563,-0.0004029932300689265,-0.013698588635905598,0.47352647352647353
2024-06-15,37,24,0.17664792629178594,0.22568275401670912,-0.04903482772492318,-1.6981492270183998,0.961038961038961
2024-06-16,26,21,0.17725543940204497,0.21238324577435652,-0.035127806372311554,-1.0626436172132305,0.8581418581418582
2024-06-20,22,20,0.19651640211537136,0.2062368031785373,-0.009720401063165934,-0.3229175836036908,0.6263736263736264
2024-06-21,20,18,0.18060636909916072,0.2186252311348123,-0.03801886203565158,-1.0873975131699642,0.8701298701298701
2024-06-23,22,18,0.2516505622316505,0.2094969586986074,0.042153603533043094,1.1888513258332012,0.11888111888111888
2024-06-25,28,23,0.23420802055005585,0.21825809334752327,0.015949927202532577,0.5604113214688823,0.2807192807192807
2024-06-26,22,20,0.16179640649860097,0.23895368037757284,-0.07715727387897187,-2.207248293212962,0.9920079920079921
2024-06-28,22,19,0.25345575108507246,0.2141982252527585,0.039257525832313955,1.2701165038368534,0.10589410589410589
2024-06-30,25,20,0.18693358515307906,0.21619596576152403,-0.029262380608444966,-0.8539837561600304,0.7962037962037962
2024-07-06,21,17,0.24702669891278742,0.22318568317468038,0.02384101573810704,0.7065903198717144,0.23276723276723277
2024-07-09,21,17,0.25324070512615204,0.21202560746997692,0.04121509765617512,1.1901059825023323,0.12487512487512488
2024-07-19,23,20,0.21724243417781694,0.21115678581224365,0.006085648365573293,0.20015705554462296,0.37662337662337664
2024-07-20,21,17,0.27887387322640533,0.2287050776257797,0.05016879560062562,1.419417606774558,0.08791208791208792
2024-07-21,22,17,0.23288632573513515,0.2109487694913579,0.021937556243777245,0.5924039067551344,0.26873126873126874
2024-07-23,20,15,0.2069706183226913,0.2172894613028538,-0.010318842980162474,-0.27022436364371116,0.5784215784215784
2024-07-29,20,16,0.1959096744266077,0.2127103030584873,-0.01680062863187959,-0.464561617005018,0.6793206793206793
2024-07-31,23,17,0.245112159116291,0.2258244608856511,0.019287698230639888,0.4800412514040316,0.2987012987012987
2024-08-06,21,14,0.2073786455679834,0.22623778602297506,-0.018859140454991652,-0.4710386480244049,0.6623376623376623
2024-08-08,24,19,0.2205608325458773,0.21591121689718937,0.0046496156486879325,0.13022536877212088,0.4305694305694306
2024-08-09,21,17,0.20811781166799204,0.22306146869377638,-0.014943657025784346,-0.39318500398024464,0.6343656343656343
2024-08-10,43,25,0.20839544297829926,0.23510506875201123,-0.02670962577371197,-0.9200132425809956,0.8141858141858141
2024-08-11,26,23,0.17476848444845175,0.23293270615067,-0.058164221702218244,-1.8494621502632453,0.973026973026973
2024-08-12,34,26,0.23234436097669048,0.2203527374851009,0.011991623491589581,0.4349798762655588,0.3196803196803197
2024-08-13,35,33,0.20509615510729884,0.225695368259884,-0.020599213152585172,-0.926409489623255,0.8301698301698301
2024-08-14,46,34,0.20961769251270612,0.23208688670490155,-0.022469194192195424,-0.8223354314567477,0.7912087912087912
2024-08-15,30,25,0.2361112462392218,0.22047475105365263,0.01563649518556917,0.5363733044506231,0.27472527472527475
2024-08-16,20,17,0.23620822923931103,0.22239764486829874,0.013810584371012291,0.38904849300947114,0.3336663336663337
2024-08-17,35,24,0.2630886948618901,0.2355711588106629,0.027517536051227226,0.8517067984037221,0.1918081918081918
2024-08-18,23,19,0.2877376265444835,0.22894145561705972,0.05879617092742376,1.7223567875259995,0.052947052947052944
2024-08-21,27,22,0.22509569005380944,0.23584854187218185,-0.010752851818372405,-0.3000277241323205,0.6063936063936064
2024-08-22,23,20,0.2512214716312006,0.2296400648453041,0.021581406785896512,0.6009589903284956,0.26973026973026976
2024-08-24,29,17,0.22439475172183976,0.24429393743510552,-0.019899185713265766,-0.5115159712091472,0.6753246753246753
2024-08-28,25,20,0.21688044976796567,0.2436808731548063,-0.026800423386840633,-0.7385604479811687,0.7622377622377622
2024-08-29,22,18,0.1927811402405102,0.2374876614157051,-0.044706521175194885,-1.2102461446464696,0.8791208791208791
2024-09-01,25,17,0.23676577882689193,0.2355310413339015,0.0012347374929904398,0.031790357253014885,0.45854145854145856
2024-09-03,21,18,0.26559488749604926,0.22660311869209301,0.038991768803956245,1.2295447316137953,0.0999000999000999
2024-09-05,31,17,0.2984823905496473,0.23547281041452675,0.06300958013512056,1.6431758187526113,0.055944055944055944
2024-09-06,26,23,0.20812755814289058,0.22260557960047425,-0.014478021457583673,-0.4676296718053826,0.6873126873126874
2024-09-07,27,19,0.25641675918546,0.24180630317622206,0.01461045600923791,0.4060761597760524,0.32967032967032966
2024-09-09,20,16,0.2634839221923521,0.2360864993323644,0.027397422859987725,0.7047516656331504,0.23776223776223776
2024-09-11,22,20,0.22565098522206897,0.24437189432613654,-0.018720909104067568,-0.5448292622213006,0.6913086913086913
2024-09-13,20,18,0.2049818381910448,0.22354073841508248,-0.018558900224037694,-0.538805937108686,0.6773226773226774
2024-09-14,23,22,0.22947393962194082,0.2476816692376447,-0.018207729615703883,-0.5649577960728853,0.7172827172827173
2024-09-18,25,21,0.2781983676791897,0.2410639432149477,0.037134424464242005,1.085917880055852,0.13486513486513488
2024-09-21,28,24,0.23240991599948344,0.24853419361746154,-0.016124277617978106,-0.5122708633709252,0.6893106893106893
2024-09-25,24,17,0.26494737853502864,0.2504562765559592,0.014491101979069443,0.3643616048969834,0.3596403596403596
2024-09-29,20,16,0.26100287053293303,0.23851032417345602,0.022492546359477006,0.5484052454125563,0.2807192807192807
2024-10-01,29,19,0.3387260779887686,0.23336852827485258,0.105357549713916,3.2978577439057077,0.001998001998001998
2024-10-06,21,18,0.3171860497854638,0.23873026348318385,0.07845578630227992,1.999488746043473,0.029970029970029972
2024-10-07,24,19,0.2368629472103123,0.24751695176172692,-0.010654004551414603,-0.2848962413937434,0.5904095904095904
2024-10-08,21,20,0.21294533776695593,0.24524976290205028,-0.03230442513509435,-1.007018803055701,0.8471528471528471
2024-10-09,21,16,0.24108600596080815,0.2509311682496244,-0.009845162288816267,-0.2405416321193116,0.5664335664335665
2024-10-12,22,21,0.20476412792411156,0.26629060952782224,-0.061526481603710687,-1.785448020660181,0.971028971028971
2024-10-13,27,18,0.24656571708942984,0.24968010447191583,-0.0031143873824859836,-0.08002962128987484,0.5114885114885115
2024-10-14,25,18,0.27414752762999245,0.2473408270563,0.026806700573692444,0.7168666575481826,0.22277722277722278
2024-10-15,22,19,0.27393048261523834,0.2453510370222706,0.02857944559296774,0.8147419847127059,0.2047952047952048
2024-10-16,41,33,0.24794235698921846,0.2538474963368127,-0.005905139347594235,-0.21393797891559635,0.5664335664335665
2024-10-17,20,16,0.29366445980240824,0.24408547169879677,0.04957898810361147,1.3328500006594426,0.1018981018981019
2024-10-20,29,27,0.2502697431317913,0.24505561679025306,0.005214126341538228,0.17199577430634108,0.4165834165834166
2024-10-21,20,16,0.3678415731748868,0.2458997105365233,0.12194186263836351,3.0394683446233652,0.004995004995004995
2024-10-23,22,18,0.2821434618570858,0.25716519701715923,0.024978264839926545,0.661467398203273,0.23876123876123875
2024-10-26,28,21,0.2725213733437528,0.2604469407925548,0.012074432551198,0.34703425065455207,0.35264735264735264
2024-10-28,21,18,0.19014330688554518,0.2567701304379408,-0.0666268235523956,-1.7042605352494538,0.964035964035964
2024-11-01,26,19,0.2239911524505944,0.24480646656585628,-0.020815314115261885,-0.5730728396520469,0.7012987012987013
2024-11-06,25,19,0.2832285615068783,0.2565543912550314,0.02667417025184693,0.7149001951937588,0.23376623376623376
2024-11-13,22,21,0.26589790045779066,0.26191623503650974,0.003981665421280922,0.11651578667218095,0.4385614385614386
2024-11-14,27,18,0.23605523838408032,0.256251478810158,-0.02019624042607765,-0.5561807593436401,0.7012987012987013
2024-11-17,23,19,0.23828421450604426,0.253858838770782,-0.015574624264737769,-0.40677984154898106,0.6473526473526473
2024-11-20,21,15,0.34421914690455513,0.2542206061904169,0.08999854071413821,2.2131187841285134,0.022977022977022976
2024-11-21,20,17,0.2143718076831357,0.26643949432685693,-0.05206768664372122,-1.432882859968508,0.9330669330669331
2024-11-23,20,13,0.3300953177516071,0.2659799310769989,0.0641153866746082,1.417385695103854,0.0969030969030969
2024-11-24,24,20,0.19353207906452963,0.25888731499712153,-0.0653552359325919,-1.7297261351998974,0.961038961038961
2024-11-28,25,20,0.22833185188150396,0.2650933144499024,-0.03676146256839846,-1.153931397783142,0.8861138861138861
2024-11-29,24,22,0.2532056769433917,0.24192173015727564,0.01128394678611605,0.34249983220424685,0.3706293706293706
2024-11-30,21,17,0.2745712462379235,0.26532905621760267,0.00924219002032084,0.23142415073709335,0.3916083916083916
2024-12-05,23,18,0.26849098463191096,0.26262399785901225,0.005866986772898708,0.17416976781145854,0.4245754245754246
2024-12-10,22,18,0.22850525233770475,0.2639481185758375,-0.03544286623813275,-0.9727384916080505,0.8381618381618382
2024-12-11,22,16,0.20818311874311596,0.2601295063748751,-0.05194638763175913,-1.3603257845868544,0.9280719280719281
2024-12-13,20,18,0.299226543667584,0.24906882256642643,0.05015772110115757,1.3614783239667387,0.0919080919080919
2024-12-14,22,18,0.25580301448164505,0.2814615558917992,-0.025658541410154168,-0.6388930292768862,0.7422577422577422
2024-12-17,20,18,0.29524188611913565,0.25556496207370555,0.039676924045430106,1.0316500435615839,0.15984015984015984
2024-12-18,20,16,0.27944974283407686,0.25533559145643725,0.024114151377639614,0.6434330558807844,0.25574425574425574
2024-12-25,20,17,0.23789405715327008,0.2554879610724582,-0.01759390391918811,-0.4846002763939812,0.6603396603396603
2024-12-30,25,20,0.2950975218045541,0.24705585153632126,0.04804167026823286,1.4131591006574913,0.08491508491508491
2025-01-02,36,25,0.29602119062877924,0.25918996516795323,0.03683122546082601,1.2240051322854606,0.11988011988011989
2025-01-06,30,26,0.21988925805770104,0.2461804367163033,-0.026291178658602254,-0.8174267314066079,0.7892107892107892
2025-01-10,21,19,0.22181912908568333,0.25399955238839567,-0.03218042330271234,-0.8090074269429331,0.7942057942057942
2025-01-11,23,19,0.29645361118848795,0.27143261044199,0.025021000746497934,0.6780563263232564,0.22977022977022976
2025-01-14,24,13,0.24863610910853423,0.2548724013596995,-0.006236292251165287,-0.13996722636400957,0.5424575424575424
2025-01-15,27,17,0.24178548382506115,0.2526439148881612,-0.010858431063100027,-0.2835039165063494,0.5854145854145855
2025-01-22,23,17,0.24050802757320056,0.2482271148852743,-0.007719087312073741,-0.20141101836324407,0.5514485514485514
2025-01-23,24,21,0.25865880596966845,0.26973739850888545,-0.011078592539217003,-0.3077706108295088,0.6143856143856143
2025-01-24,24,20,0.2140992207041753,0.2505683218007843,-0.036469101096609,-1.0600374556776782,0.8591408591408591
2025-01-25,20,19,0.27395570207625475,0.26936703003763446,0.0045886720386202895,0.11890600037426897,0.43356643356643354
2025-01-26,41,28,0.290343636296404,0.24911826726177605,0.04122536903462792,1.3572122977511518,0.0919080919080919
2025-01-27,20,15,0.23016300668351444,0.23551018125014728,-0.005347174566632834,-0.12343753295504291,0.5184815184815185
2025-01-29,21,20,0.22932152428811262,0.2506737791989654,-0.02135225491085277,-0.628070118355913,0.7342657342657343
2025-01-30,23,15,0.29865159755082266,0.2638366771948619,0.03481492035596073,0.8633486572663237,0.18581418581418582
2025-02-01,24,17,0.35074452453921223,0.25915007444662685,0.09159445009258538,2.2588165418286943,0.024975024975024976
2025-02-02,20,19,0.20074556248096354,0.25715361031619116,-0.056408047835227626,-1.5377534528439079,0.9460539460539461
2025-02-04,20,17,0.21261882410344726,0.2546587603464351,-0.042039936242987824,-1.0062793620122086,0.8391608391608392
2025-02-08,22,16,0.3323535337161005,0.2655580749928386,0.06679545872326187,1.669566057793488,0.055944055944055944
2025-02-10,20,18,0.25301052270088553,0.23838954135706988,0.014620981343815648,0.3892383679214563,0.33666333666333664
2025-02-15,20,16,0.2630494256653994,0.27390996819161173,-0.010860542526212325,-0.25975693117825693,0.6053946053946054
2025-02-16,28,23,0.23984977483451211,0.2620605432118368,-0.02221076837732469,-0.6743700708178557,0.7282717282717283
2025-02-18,25,24,0.27692284104937215,0.2522895647034363,0.024633276345935873,0.7522849141902284,0.22677322677322678
2025-02-19,28,23,0.2761809132174271,0.25153028886945383,0.02465062434797327,0.8435251733571322,0.19880119880119881
2025-02-24,27,17,0.3544444571446964,0.23973155181259673,0.11471290533209968,2.881184189753143,0.003996003996003996
2025-02-25,24,21,0.25538721376000867,0.2530626534500112,0.0023245603099974477,0.06385059598695297,0.44455544455544455
2025-02-26,20,18,0.2815700649736281,0.24731871030879465,0.03425135466483342,0.9593245114990786,0.17382617382617382
2025-02-28,28,22,0.23347710304506847,0.2477569353735466,-0.014279832328478126,-0.4085339386468558,0.6333666333666333
2025-03-02,27,24,0.24186828348719724,0.26759582600731496,-0.02572754252011772,-0.7425013838119026,0.7592407592407593
2025-03-05,26,21,0.2217488175220769,0.2547440526269308,-0.03299523510485389,-0.9086905413628794,0.8121878121878122
2025-03-07,26,20,0.2074319974594325,0.2473925220248003,-0.039960524565367805,-1.1153989605334276,0.8821178821178821
2025-03-08,23,17,0.2475410964980977,0.283077442411764,-0.035536345913666334,-0.7996946699264873,0.7712287712287712
2025-03-10,27,22,0.2286383567782081,0.2466304462463018,-0.01799208946809369,-0.5104084667647361,0.6693306693306693
2025-03-11,24,19,0.24654028266626174,0.2594107331470759,-0.012870450480814172,-0.3296194284952268,0.6213786213786214
2025-03-12,24,23,0.24117586617871206,0.2536730670740234,-0.012497200895311311,-0.3715621758470457,0.6413586413586414
2025-03-13,28,22,0.31055594527531394,0.26987990702828796,0.04067603824702598,1.1463142997127636,0.12087912087912088
2025-03-14,22,20,0.22802818731682717,0.2505233010034816,-0.02249511368665441,-0.6133804555471273,0.7202797202797203
2025-03-15,21,20,0.2706161726596294,0.2746854425850689,-0.004069269925439489,-0.09849088192055253,0.5304695304695305
2025-03-16,28,16,0.2682617957838206,0.2687857635921537,-0.0005239678083331367,-0.012970492394217046,0.4915084915084915
2025-03-17,27,26,0.16089784468654827,0.2605164086796618,-0.09961856399311353,-3.08700870764307,0.999000999000999
2025-03-18,27,21,0.2249541739855671,0.2598859227311903,-0.034931748745623215,-0.9771411635403073,0.8271728271728271
2025-03-20,26,23,0.256509933840452,0.26613323353640644,-0.009623299695954435,-0.2742568034952838,0.5894105894105894
2025-03-21,30,22,0.2612440131673998,0.2515557909586533,0.009688222208746489,0.27280430630783437,0.3856143856143856
2025-03-22,24,19,0.262385856715018,0.27971371422405505,-0.017327857509037037,-0.3894620989902418,0.6553446553446554
2025-03-23,22,21,0.22754043138815547,0.27197564925182816,-0.04443521786367269,-1.2561445410718506,0.8901098901098901
2025-03-24,25,22,0.2593661735813642,0.2587838714229526,0.0005823021584115962,0.015616874428714874,0.4725274725274725
2025-03-26,26,22,0.27247569265987953,0.2565548224561303,0.015920870203749216,0.42334426863412294,0.3336663336663337
2025-03-27,32,27,0.23532262843313184,0.2705054112328886,-0.035182782799756784,-1.0331887234942694,0.8541458541458542
2025-03-28,23,20,0.24763925211959373,0.2561153955422637,-0.008476143422669974,-0.22672982354440907,0.5614385614385614
2025-03-29,27,21,0.2067078046991314,0.2796176758516941,-0.07290987115256273,-1.741299562495757,0.964035964035964
2025-03-30,22,17,0.24962131211607724,0.2716451440071238,-0.022023831891046564,-0.5465253875046799,0.6863136863136863
2025-03-31,24,21,0.2878032731988983,0.2596827981914453,0.028120475007453016,0.7359336332418831,0.22077922077922077
2025-04-01,22,19,0.25155013271170523,0.2724032438981309,-0.020853111186425688,-0.5288998633006343,0.6823176823176823
2025-04-03,29,22,0.25765780644611197,0.2666440843545269,-0.008986277908414941,-0.25336444353357723,0.5904095904095904
2025-04-04,23,20,0.26266457725791487,0.26279287700968,-0.00012829975176514852,-0.0033731968180169053,0.4825174825174825
2025-04-06,28,18,0.33091474687296596,0.2723224318030656,0.05859231506990037,1.4956585390595183,0.07392607392607392
2025-04-07,27,24,0.2805055556404205,0.26628092814133425,0.014224627499086262,0.3901287909341658,0.3226773226773227
2025-04-08,29,21,0.3038567578406392,0.27731892239545153,0.026537835445187674,0.7164859143992989,0.22977022977022976
2025-04-09,26,23,0.24032776398202255,0.26397890089383147,-0.023651136911808923,-0.6814022770887248,0.7482517482517482
2025-04-10,31,27,0.2657459407175189,0.2645789527004126,0.0011669880171062963,0.035759526975090654,0.47052947052947053
2025-04-12,32,23,0.34854086751296826,0.26730120809081803,0.08123965942215022,2.2367222244995406,0.02197802197802198
2025-04-13,25,20,0.34406963649590694,0.27409460280756137,0.06997503368834557,1.945486698257132,0.030969030969030968
2025-04-14,31,26,0.2599804223065651,0.266754397901611,-0.006773975595045889,-0.19722165353938811,0.5654345654345654
2025-04-15,32,23,0.2585995579798965,0.2802757953886833,-0.021676237408786825,-0.5883426457545753,0.7112887112887113
2025-04-16,24,22,0.23119713880093912,0.2657616485543998,-0.034564509753460704,-0.9780975416715199,0.8091908091908092
2025-04-17,22,18,0.2562593839740636,0.2623008883080119,-0.006041504333948289,-0.1540533874596807,0.5424575424575424
2025-04-18,43,32,0.3008375941961461,0.2646534524987993,0.036184141697346794,1.2137568793233824,0.11788211788211789
2025-04-19,29,26,0.29895434563103407,0.2732590455248321,0.025695300106201968,0.7070541033400011,0.23776223776223776
2025-04-20,21,18,0.30058629635462286,0.28304272587650436,0.017543570478118498,0.43649760985454406,0.3276723276723277
2025-04-21,26,21,0.2960288363545654,0.268701080701633,0.027327755652932384,0.695545374030075,0.24075924075924077
2025-04-23,32,26,0.22658832588665676,0.2654804544570924,-0.03889212857043564,-1.2609951412283038,0.8991008991008991
2025-04-24,27,19,0.2758614357621569,0.26344896462825207,0.012412471133904812,0.3094483897280024,0.35364635364635366
2025-04-25,42,27,0.22111465090246202,0.26964353918899403,-0.04852888828653201,-1.4825881925840605,0.936063936063936
2025-04-26,25,19,0.23913557012030465,0.28101946325413407,-0.041883893133829425,-0.9689481055634465,0.8201798201798202
2025-04-27,24,22,0.2482146462625393,0.2897653882920698,-0.04155074202953052,-1.1300628410358,0.8721278721278721
2025-04-28,38,26,0.29228889675083813,0.2610546617744383,0.03123423497639982,0.932002587996545,0.17482517482517482
2025-04-29,43,38,0.31994006495480803,0.2740983228204974,0.04584174213431064,1.695188735554073,0.04895104895104895
2025-04-30,71,56,0.2646489754696964,0.263246486251403,0.0014024892182933901,0.06719747394584959,0.4775224775224775
2025-05-01,70,61,0.27787007755874443,0.2613997575444497,0.016470320014294715,0.8453538071820652,0.1888111888111888
2025-05-02,35,30,0.24599223919870292,0.26780871937887907,-0.02181648018017615,-0.6779168565784333,0.7582417582417582
2025-05-03,61,49,0.305610751619479,0.2723037990859856,0.03330695253349336,1.2749246989281242,0.1038961038961039
2025-05-04,56,40,0.3067074686690093,0.2864020276683873,0.020305441000621982,0.7634948392862115,0.21478521478521478
2025-05-05,48,30,0.24465834606982365,0.2640794097546411,-0.01942106368481747,-0.6297575404701136,0.7312687312687313
2025-05-06,40,35,0.26148165945361934,0.2793834881806255,-0.017901828727006186,-0.6168808336008826,0.7012987012987013
2025-05-07,48,39,0.26194595898701595,0.2716468545032959,-0.00970089551627995,-0.3754997433402169,0.6413586413586414
2025-05-08,28,26,0.3473896057176145,0.26051191352953834,0.08687769218807617,2.7421828454403068,0.005994005994005994
2025-05-09,34,32,0.3176570807309251,0.2689026731431259,0.0487544075877992,1.5832705606690682,0.057942057942057944
2025-05-10,32,31,0.23416086490398502,0.28081715846441646,-0.04665629356043144,-1.3509380350357467,0.9170829170829171
2025-05-11,45,43,0.2668414563105445,0.28519280770213984,-0.018351351391595327,-0.7475329106868378,0.7722277722277723
2025-05-12,69,50,0.29446053195059896,0.26349648818246724,0.03096404376813172,1.4430479430285652,0.07492507492507493
2025-05-13,56,42,0.28428933367404763,0.2803586528079285,0.003930680866119141,0.1522598782451318,0.42157842157842157
2025-05-14,62,47,0.2635017930106588,0.2738955434704799,-0.010393750459821105,-0.43843377732461647,0.6613386613386614
2025-05-15,55,44,0.24365382215137002,0.2646382748634857,-0.02098445271211566,-0.8598944654451682,0.7942057942057942
2025-05-16,54,44,0.26420352886376375,0.27591066654490387,-0.011707137681140123,-0.4446705211654217,0.6743256743256744
2025-05-17,44,40,0.27202315533015115,0.2808862190714168,-0.008863063741265664,-0.3002797571294313,0.6003996003996004
2025-05-18,59,48,0.30349672115361986,0.27789034873482304,0.02560637241879682,1.0389573968952708,0.15284715284715283
2025-05-19,87,66,0.26310738913646115,0.2735145272307692,-0.010407138094308044,-0.5769317815379204,0.7142857142857143
2025-05-20,90,72,0.3103982697649516,0.2791857922164582,0.031212477548493434,1.6911648442245897,0.04895104895104895
2025-05-21,63,58,0.2768798028576949,0.2741459887849555,0.0027338140727394267,0.12917863736564617,0.4435564435564436
2025-05-22,59,48,0.26558395293161213,0.26104109138877557,0.004542861542836563,0.199768482013712,0.3986013986013986
2025-05-23,60,46,0.27590407293835967,0.27384016755191865,0.002063905386441023,0.0827766688624628,0.44955044955044954
2025-05-24,61,48,0.2610099897741101,0.2833222371548635,-0.02231224738075338,-0.843626969290425,0.7952047952047953
2025-05-25,48,46,0.3002376088070803,0.2798094384173153,0.020428170389764966,0.8378977900861703,0.1938061938061938
2025-05-26,48,38,0.3235393590276949,0.2681267287833115,0.055412630244383365,2.144812010256549,0.024975024975024976
2025-05-27,60,42,0.3584196894093821,0.2757587735615506,0.08266091584783153,3.356855518192812,0.001998001998001998
2025-05-28,38,29,0.2664219844721747,0.27262585169464626,-0.006203867222471571,-0.1879308691877175,0.5634365634365635
2025-05-29,45,37,0.2738753634967796,0.26699425202866806,0.006881111468111545,0.2489750628869087,0.3956043956043956
2025-05-30,63,44,0.3410226584097921,0.270745327455295,0.07027733095449712,2.7040661081947706,0.006993006993006993
2025-05-31,53,36,0.27182061527413137,0.2850435034316233,-0.013222888157491952,-0.4170359466107616,0.6513486513486514
2025-06-01,53,36,0.2679243299666355,0.2839467851963301,-0.016022455229694588,-0.5796956453874896,0.7052947052947053
2025-06-02,28,25,0.25120990118382397,0.2742975591678286,-0.02308765798400464,-0.7023348331974327,0.7302697302697303
2025-06-03,49,36,0.26665121907988326,0.2842426616540979,-0.017591442574214633,-0.6124437613711545,0.7202797202797203
2025-06-04,32,28,0.2977623245257201,0.27125450930955936,0.026507815216160746,0.7819581896536903,0.2037962037962038
2025-06-05,38,30,0.22470298476195846,0.2731785672542162,-0.048475582492257724,-1.5655306744237898,0.948051948051948
2025-06-06,26,22,0.2892177148113539,0.27707916813346023,0.012138546677893658,0.3286568492255623,0.3646353646353646
2025-06-07,28,18,0.3018349796772915,0.284673988335726,0.017160991341565512,0.3809143537010799,0.3596403596403596
2025-06-08,34,23,0.30313303224680854,0.28040934768816955,0.02272368455863899,0.6818790008688016,0.24975024975024976
2025-06-09,22,20,0.2571853602806629,0.2721537971378589,-0.01496843685719601,-0.40114814500303314,0.6413586413586414
2025-06-10,30,27,0.26656548757882104,0.2816958847354733,-0.015130397156652264,-0.46809707747950735,0.6693306693306693
2025-06-11,34,24,0.3156943764385345,0.272472106561225,0.04322226987730948,1.2123293504504888,0.12287712287712288
2025-06-12,36,24,0.2704534180237137,0.26903264670386806,0.0014207713198456373,0.03979019619023447,0.4695304695304695
2025-06-13,29,25,0.2536214016086122,0.27976397244995405,-0.02614257084134186,-0.7468664895268426,0.7622377622377622
2025-06-14,25,19,0.33539547731269975,0.2767879530073474,0.058607524305352376,1.3210413934096468,0.0939060939060939
2025-06-15,28,21,0.38554999800613704,0.2773615119555069,0.10818848605063014,2.997191993369469,0.006993006993006993
2025-06-16,25,23,0.305217916777375,0.2705385430077078,0.03467937376966718,0.984181579615646,0.16083916083916083
2025-06-17,23,20,0.26182194542803117,0.2840720430097149,-0.022250097581683725,-0.5863673021410934,0.7272727272727273
2025-06-18,30,25,0.2256242252862658,0.2802010909782806,-0.05457686569201481,-1.5103586069092385,0.9430569430569431
2025-06-19,26,21,0.24095497901613025,0.27548053772922365,-0.0345255587130934,-0.8752368845241506,0.8101898101898102
2025-06-21,22,20,0.3068070553519918,0.27854862330379854,0.028258432048193283,0.6880312866106322,0.24775224775224775
2025-06-22,22,17,0.23039731068979552,0.278358705000923,-0.0479613943111275,-1.1259554451838893,0.8791208791208791
2025-06-23,22,21,0.2365272332477807,0.27075957237912585,-0.03423233913134516,-0.965737569961014,0.8361638361638362
2025-06-24,20,19,0.25465483973237146,0.28420076449385057,-0.029545924761479103,-0.7474728770722577,0.7722277722277723
2025-06-25,22,17,0.29103533459740094,0.27764435965398754,0.013390974943413403,0.317596162891703,0.36063936063936064
2025-06-26,20,18,0.2296427050887973,0.2757176656454479,-0.04607496055665061,-1.1147775875545303,0.8671328671328671
2025-06-27,29,25,0.23703726765183034,0.28814700001836535,-0.051109732366535016,-1.4472687177506616,0.932067932067932
2025-06-28,24,21,0.17696349060859612,0.2866383094222576,-0.10967481881366148,-2.6476178368069734,0.998001998001998
2025-06-29,22,21,0.24825598241336383,0.27548255238855934,-0.027226569975195514,-0.7184758829125377,0.7532467532467533
2025-06-30,27,24,0.23208390624790057,0.26970298202871706,-0.0376190757808165,-1.136036244069801,0.8821178821178821
2025-07-01,22,18,0.22948928806586125,0.28350533829006375,-0.0540160502242025,-1.3360578941614716,0.9170829170829171
2025-07-02,39,28,0.3570831576578386,0.2774206400800422,0.07966251757779641,2.5272548605854457,0.00999000999000999
2025-07-03,28,25,0.2830592671825093,0.271833739278807,0.011225527903702293,0.33546369408582005,0.36063936063936064
2025-07-04,35,30,0.3425850779479175,0.27929686479252225,0.06328821315539523,2.030393177545998,0.01998001998001998
2025-07-05,26,19,0.3060471807097485,0.2771817843603717,0.028865396349376793,0.6354166423113223,0.24975024975024976
2025-07-06,25,22,0.22340707093249773,0.2751428732195363,-0.05173580228703856,-1.4049519299664615,0.9170829170829171
2025-07-07,30,26,0.26287605364643035,0.2678902544559869,-0.005014200809556557,-0.16043681115411856,0.5464535464535465
2025-07-09,32,27,0.34280641805074813,0.2764351950528953,0.06637122299785281,2.2023303491124753,0.014985014985014986
2025-07-10,21,20,0.2417218974580469,0.2675651493961219,-0.025843251938075018,-0.6927860046179918,0.7442557442557443
2025-07-11,21,17,0.2720914782721375,0.2835850944661515,-0.011493616194014011,-0.26109940888661975,0.5824175824175825
2025-07-12,30,28,0.34018054367563144,0.2781946734559183,0.061985870219713135,1.8757390980927893,0.03896103896103896
2025-07-13,31,24,0.22781839213469995,0.27598762658420867,-0.04816923444950871,-1.381264798297327,0.9340659340659341
2025-07-14,22,20,0.2469182246613008,0.26898696776912234,-0.02206874310782153,-0.6316202725904635,0.7192807192807192
2025-07-15,28,21,0.2928204467683031,0.28177922440458325,0.01104122236371985,0.3015414077604808,0.3706293706293706
2025-07-16,24,20,0.2297262272115467,0.2836452049698419,-0.05391897775829521,-1.5249095890168591,0.9460539460539461
2025-07-17,30,26,0.24164879325703265,0.27631200082924634,-0.034663207572213695,-1.0704695177865597,0.8511488511488512
2025-07-18,32,25,0.2701601211843155,0.28822051512526425,-0.01806039394094877,-0.49633612779225944,0.6913086913086913
2025-07-20,20,16,0.25135451771924794,0.2743232703070158,-0.02296875258776787,-0.516587826046344,0.6933066933066933
2025-07-21,39,30,0.31479924452142205,0.26579794305763754,0.04900130146378451,1.7327255816465106,0.05094905094905095
2025-07-22,22,19,0.27866706714390616,0.2772243760461049,0.001442691097801263,0.035956100495379784,0.44755244755244755
2025-07-23,21,19,0.2568134204524044,0.2838134705974552,-0.027000050145050802,-0.7084081457149709,0.7562437562437563
2025-07-24,21,17,0.32650102293750166,0.2721277896721906,0.05437323326531107,1.3455600929153761,0.0899100899100899
2025-07-26,20,16,0.28215566228199623,0.2797261679342254,0.002429494347770844,0.05361500792553994,0.46853146853146854
2025-07-27,32,25,0.27333548693078225,0.273607140173706,-0.000271653242923775,-0.007943892402552308,0.48151848151848153
2025-07-28,29,25,0.24329864965903164,0.2641213541582059,-0.020822704499174283,-0.6802717651398678,0.7522477522477522
2025-07-29,24,22,0.29440827266112835,0.2694042936242464,0.02500397903688195,0.7067758799733351,0.25574425574425574
2025-07-31,32,26,0.3377058359121921,0.27109334854772954,0.06661248736446257,2.079638771942175,0.022977022977022976
2025-08-01,20,17,0.24933947001610993,0.2794395703556959,-0.03010010033958596,-0.7068423368070951,0.7552447552447552
2025-08-02,23,21,0.3217370164508145,0.28011613853412304,0.041620877916691446,1.0616729121468909,0.14585414585414586
2025-08-03,30,26,0.29433705263701543,0.27446782905960093,0.019869223577414497,0.5932989647399384,0.26073926073926074
2025-08-04,29,25,0.2625420106130723,0.26345355656436575,-0.0009115459512934465,-0.028586705422728384,0.4935064935064935
2025-08-05,30,20,0.2480085688237825,0.27245666251764805,-0.024448093693865552,-0.6374092578418217,0.7372627372627373
2025-08-06,28,20,0.30313765960062306,0.2765207253345462,0.026616934266076864,0.7105808092582654,0.22677322677322678
2025-08-07,33,24,0.2695080885229533,0.27899945088134837,-0.009491362358395039,-0.2821057078943607,0.5954045954045954
2025-08-08,20,16,0.257132354509226,0.28077468804326894,-0.023642333534042936,-0.5429559156818656,0.6993006993006993
2025-08-09,24,20,0.24435477881696865,0.284833165035711,-0.040478386218742335,-0.9893294221472081,0.8291708291708292
2025-08-10,39,32,0.3047576868336154,0.2750763853551623,0.029681301478453104,0.9790466608966241,0.16983016983016982
2025-08-11,22,20,0.24837279775008808,0.26452590871635007,-0.016153110966261985,-0.4604377044283168,0.6673326673326674
2025-08-12,28,27,0.30069204322981297,0.27182647192464,0.028865571305172977,0.9546548925990855,0.17682317682317683
2025-08-13,34,26,0.30231589525633573,0.26962279542334244,0.03269309983299329,1.0580540396042344,0.14585414585414586
2025-08-14,38,25,0.32109973473061104,0.27641437030452015,0.04468536442609089,1.3152317421403725,0.1038961038961039
2025-08-15,33,28,0.3233573060512235,0.28354127441884963,0.03981603163237385,1.2381127302905937,0.1028971028971029
2025-08-16,33,27,0.2638052044603974,0.28245353862712036,-0.018648334166722957,-0.5573757979192325,0.6983016983016983
2025-08-17,27,17,0.23569911053087095,0.27349857860731513,-0.03779946807644419,-0.950770785984455,0.8361638361638362
2025-08-18,26,26,0.24743925090501062,0.26864009405500744,-0.021200843149996818,-0.6469800990124641,0.7442557442557443
2025-08-19,42,29,0.24755998465841672,0.2811958433866197,-0.03363585872820296,-1.1049593907253517,0.8671328671328671
2025-08-20,21,20,0.24512744178437307,0.27868581384520574,-0.033558372060832675,-0.8964052015739329,0.8091908091908092
2025-08-21,26,21,0.26404212295259927,0.2802394516953642,-0.016197328742764916,-0.4169500408918507,0.6483516483516484
2025-08-22,34,28,0.32044843326519656,0.2807996351612132,0.03964879810398336,1.2649939243302866,0.11288711288711288
2025-08-23,33,28,0.28669402165155095,0.27594676054327794,0.01074726110827301,0.3340282865223005,0.34565434565434566
2025-08-24,32,30,0.2150587995830125,0.28099934474583477,-0.06594054516282227,-2.1854464176628765,0.988011988011988
2025-08-25,48,37,0.24827303880593862,0.27124193498372623,-0.022968896177787607,-0.9391714050905092,0.8291708291708292
2025-08-26,28,21,0.28490304325054294,0.2728540566826081,0.01204898656793485,0.3274435736928715,0.3676323676323676
2025-08-27,27,25,0.26196349967411164,0.2769979908930465,-0.015034491218934853,-0.4633372585147738,0.6643356643356644
2025-08-28,25,20,0.25502387888324984,0.28433576006440014,-0.0293118811811503,-0.7229617400201832,0.7682317682317682
2025-08-29,30,25,0.2288869333639529,0.28876677740260215,-0.05987984403864924,-1.712135483960592,0.9660339660339661
2025-08-30,32,27,0.2945236668251103,0.2796365492498448,0.014887117575265452,0.45396287798985074,0.31368631368631367
2025-08-31,26,21,0.2725181805965596,0.27142694860977623,0.0010912319867833475,0.03051853611926238,0.48151848151848153
2025-09-01,42,29,0.2579523962545294,0.2694519321211587,-0.011499535866629274,-0.377595926572481,0.6393606393606394
2025-09-02,33,31,0.2560302709275637,0.2768502747855623,-0.020820003857998592,-0.6762144268694497,0.7422577422577422
2025-09-03,31,30,0.22344585089286456,0.27173151193872136,-0.0482856610458568,-1.7219536859662308,0.968031968031968
2025-09-04,31,28,0.26109002720208013,0.2799664949429966,-0.018876467740916447,-0.5890260714548035,0.7242757242757243
2025-09-05,32,25,0.31303388672349114,0.28222312517396736,0.03081076154952378,0.8889459147377756,0.1998001998001998
2025-09-06,44,35,0.2576776511557194,0.2856391057661321,-0.027961454610412717,-0.9788690343530103,0.8351648351648352
2025-09-07,48,39,0.26918135067410254,0.2740184640692723,-0.00483711339516979,-0.18754530945826783,0.5564435564435565
2025-09-08,34,26,0.30261928633425855,0.26610505491673614,0.036514231417522414,1.1441376057790855,0.12487512487512488
2025-09-09,33,27,0.3061010220739946,0.27699152967771024,0.029109492396284353,0.8994935143387732,0.1848151848151848
2025-09-10,34,31,0.28914479677966826,0.2633219390797872,0.025822857699881074,0.9612636902641013,0.17682317682317683
2025-09-11,43,32,0.3416086588525331,0.2770751394274189,0.0645335194251142,2.0151050520610405,0.030969030969030968
2025-09-12,31,24,0.2872162726177318,0.28425755063708996,0.002958721980641843,0.08184601805255075,0.4745254745254745
2025-09-13,20,19,0.20200107133846318,0.28449673386364216,-0.08249566252517898,-2.075740691114835,0.991008991008991
2025-09-14,26,23,0.31620459755728836,0.2738836875335244,0.04232091002376398,1.1959907608613332,0.11888111888111888
2025-09-15,31,24,0.30315558113303404,0.26560816770007384,0.0375474134329602,1.181322613634174,0.12287712287712288
2025-09-16,25,22,0.27457892191611133,0.27583581834171367,-0.0012568964256023385,-0.033967350425051786,0.5044955044955045
2025-09-17,28,20,0.30521197624609114,0.26557447581798466,0.03963750042810649,1.1304976354096326,0.13186813186813187
2025-09-18,33,28,0.2552776959222081,0.28521720427586966,-0.029939508353661548,-0.9057525963399845,0.8271728271728271
2025-09-19,27,20,0.2875727277257484,0.28995552169073685,-0.002382793964988472,-0.05772902956342762,0.5064935064935064
2025-09-20,33,24,0.29527685783000707,0.2807980040578225,0.014478853772184552,0.44227887467937826,0.3026973026973027
2025-09-21,28,22,0.29999453458198666,0.27079098524853973,0.029203549333446932,0.8165272309007813,0.1998001998001998
2025-09-22,33,31,0.23171950513927886,0.2693755863113695,-0.03765608117209063,-1.3152452009125863,0.906093906093906
2025-09-23,42,27,0.2905896922000103,0.2777052263182649,0.01288446588174541,0.3914669226929287,0.32367632367632365
2025-09-25,31,25,0.29581195003688504,0.2794657838526751,0.01634616618420992,0.4608998772202095,0.3116883116883117
2025-09-26,38,27,0.25319282750189276,0.28568142931035106,-0.032488601808458306,-0.9722871973816097,0.8201798201798202
2025-09-27,25,23,0.2984037434200002,0.28012453961872874,0.01827920380127146,0.5351859929068196,0.2947052947052947
2025-09-28,23,21,0.31160532711213995,0.27229336949652844,0.039311957615611515,1.088199604171448,0.12987012987012986
2025-09-29,26,21,0.24169570203719476,0.26777575606069537,-0.02608005402350061,-0.7372894732459442,0.7642357642357642
2025-09-30,29,21,0.28721626015848917,0.276247845417214,0.01096841474127519,0.28399675583626277,0.3726273726273726
2025-10-01,22,20,0.20182077424972844,0.2735726775865405,-0.07175190333681208,-2.032007326039533,0.984015984015984
2025-10-02,20,19,0.2642897120230582,0.2750102478991941,-0.010720535876135917,-0.27041651164537733,0.6003996003996004
2025-10-03,26,23,0.32094162791093367,0.2820540351302228,0.038887592780710856,1.0248108617526186,0.16483516483516483
2025-10-04,30,26,0.3326792739228438,0.27394623493277387,0.05873303899006993,1.8487536842997947,0.03796203796203796
2025-10-05,33,28,0.36725761235533005,0.2690239050578947,0.09823370729743536,3.10389251637398,0.001998001998001998
2025-10-06,34,28,0.26952900897553506,0.2699622876197818,-0.00043327864424674845,-0.013283457763471868,0.4885114885114885
2025-10-07,34,25,0.2766430264251893,0.28031744977015016,-0.0036744233449608754,-0.10466538408652437,0.5224775224775224
2025-10-08,32,29,0.227891354722998,0.27174645734573266,-0.04385510262273465,-1.4664084757138003,0.932067932067932
2025-10-09,39,32,0.2794399595359983,0.2733484756899007,0.0060914838460975895,0.20534962667925175,0.3966033966033966
2025-10-10,45,30,0.3306271254498762,0.2849067049872705,0.045720420462605715,1.4357079761518088,0.07692307692307693
2025-10-11,38,32,0.30095234622451533,0.2772528457431483,0.023699500481367042,0.819712688043827,0.2037962037962038
2025-10-12,39,29,0.25538409396222905,0.27071245231014973,-0.015328358347920679,-0.4932486086519352,0.6853146853146853
2025-10-13,32,26,0.34315139401711736,0.26172694847084305,0.08142444554627432,2.4552454812786113,0.01098901098901099
2025-10-14,34,30,0.331238067068559,0.27729507369682027,0.053942993371738746,1.8207963767415971,0.03596403596403597
2025-10-15,50,30,0.29484612643338887,0.26630636982183,0.028539756611558886,0.9581251506810243,0.16383616383616384
2025-10-16,39,30,0.255202022685288,0.2722065310730782,-0.017004508387790163,-0.5447163469114507,0.7082917082917083
2025-10-17,41,31,0.23200843626967557,0.28978810643451036,-0.05777967016483479,-1.9008231284116337,0.981018981018981
2025-10-18,46,39,0.24925306602653788,0.2822809591473437,-0.03302789312080581,-1.292286244748909,0.9110889110889111
2025-10-19,43,37,0.2914949832377286,0.26894879860759546,0.022546184630133137,0.8516657805012509,0.19880119880119881
2025-10-20,47,41,0.2860852356220959,0.2661200510549978,0.019965184567098115,0.7483223998446866,0.22577422577422576
2025-10-21,33,28,0.20896754130632159,0.2860070865407447,-0.0770395452344231,-2.396257793529901,0.993006993006993
2025-10-22,38,33,0.2790685544918504,0.27237569051281846,0.00669286397903196,0.23097424831013824,0.4015984015984016
2025-10-23,52,39,0.28934709635482625,0.2703945482297548,0.018952548125071467,0.7024400507135025,0.22777222777222778
2025-10-24,35,27,0.2540571111625434,0.28416788645851226,-0.03011077529596884,-0.9171066940885049,0.8321678321678322
2025-10-25,49,33,0.27639936304897544,0.2786428202591012,-0.0022434572101257544,-0.07614306527261779,0.5164835164835165
2025-10-26,43,31,0.23211706877869942,0.2779227379929388,-0.0458056692142394,-1.5500709563728845,0.9370629370629371
2025-10-27,29,23,0.22443476380555644,0.2675928858819492,-0.043158122076392746,-1.1727612843776598,0.8811188811188811
2025-10-28,35,27,0.23955432641497368,0.27971906723226425,-0.04016474081729057,-1.236709226759536,0.9050949050949051
2025-10-29,37,30,0.25552788816685673,0.2720255759349674,-0.01649768776811067,-0.5576486254465791,0.6943056943056943
2025-10-30,29,24,0.24314822228163116,0.2704995735037643,-0.02735135122213314,-0.7582320432700101,0.7832167832167832
2025-10-31,40,33,0.31279760960493624,0.2832727217676187,0.02952488783731755,0.9929569416331013,0.15984015984015984
2025-11-01,32,24,0.3462876433885853,0.27651180838107725,0.06977583500750806,1.9977451783790288,0.028971028971028972
2025-11-02,27,22,0.2385330247004621,0.273742385001448,-0.0352093603009859,-0.951103815328011,0.8201798201798202
2025-11-03,36,25,0.27172042408999203,0.26940296339706443,0.0023174606929275976,0.06492329854232465,0.45054945054945056
2025-11-04,36,28,0.30214117408101154,0.28306717757276195,0.01907399650824959,0.5813689354959696,0.2937062937062937
2025-11-05,46,36,0.270452696580424,0.2744512613222352,-0.003998564741811206,-0.1473633267246386,0.5294705294705294
2025-11-06,21,20,0.2688802502004305,0.2683361931180072,0.0005440570824232771,0.013805049386972235,0.4805194805194805
2025-11-07,27,22,0.28814194005404486,0.28500125765752427,0.0031406823965206,0.08572027699987937,0.45054945054945056
2025-11-08,30,27,0.2780721032612865,0.27692737107227483,0.0011447321890116768,0.03410678165193989,0.46353646353646355
2025-11-09,45,39,0.25065828156440745,0.2769118132915632,-0.026253531727155777,-0.9629852238447453,0.8341658341658341
2025-11-10,32,27,0.2511726566239695,0.2695014008040077,-0.018328744180038214,-0.5544819972197604,0.7102897102897103
2025-11-11,48,29,0.28217976836685177,0.2829708473460737,-0.0007910789792219264,-0.024563637692342002,0.4905094905094905
2025-11-12,36,28,0.31773133590815084,0.27178662545759835,0.045944710450552484,1.4727424068214678,0.07192807192807193
2025-11-13,51,36,0.25629389445333267,0.2640361674053795,-0.007742272952046825,-0.25555250947733443,0.5924075924075924
2025-11-14,54,41,0.30973316334114154,0.2808836501578809,0.028849513183260622,1.0711267707778378,0.13486513486513488
2025-11-15,34,22,0.2744436421881534,0.28221704938684444,-0.007773407198691018,-0.2091819946823062,0.5684315684315684
2025-11-16,26,23,0.2562772809157997,0.2753912345782693,-0.019113953662469596,-0.5143980016258713,0.6983016983016983
2025-11-17,30,22,0.2832023893240372,0.26640607072722716,0.016796318596810023,0.45545453141537817,0.32167832167832167
2025-11-18,24,22,0.2667446787819135,0.28203850904427935,-0.01529383026236586,-0.42063535635853166,0.6523476523476524
2025-11-19,37,27,0.2573122374801289,0.27332265996096944,-0.016010422480840558,-0.4617341200443658,0.6893106893106893
2025-11-20,44,32,0.27299155981540274,0.26192941228660027,0.011062147528802468,0.3438316802679442,0.34665334665334663
2025-11-21,40,31,0.23466991058008058,0.2860475288278351,-0.0513776182477545,-1.6422625247937048,0.952047952047952
2025-11-22,42,31,0.25334375662404857,0.2808479731340626,-0.027504216510014057,-0.8961710697969232,0.8181818181818182
2025-11-23,50,35,0.2779208695606301,0.27438948692964166,0.0035313826309884555,0.12487804955294413,0.44755244755244755
2025-11-24,37,32,0.25345710839425856,0.2735603082363825,-0.020103199842123942,-0.6587846292946733,0.7382617382617382
2025-11-25,41,24,0.30865358536522464,0.27887956448292595,0.02977402088229869,0.8301068217913062,0.2087912087912088
2025-11-26,37,30,0.31065198561348895,0.2747654393132572,0.03588654630023175,1.1278222385642536,0.14385614385614387
2025-11-27,29,27,0.2203433323498949,0.2700150711319937,-0.049671738782098795,-1.4533029504585961,0.9340659340659341
2025-11-28,28,22,0.28340002751784477,0.28333727455051966,6.275296732510816e-05,0.0016725731339107496,0.4925074925074925
2025-11-29,52,42,0.26945994140022866,0.27953117279670864,-0.010071231396479974,-0.3800637274969739,0.6523476523476524
2025-11-30,32,26,0.24759433999469968,0.27827607091918444,-0.030681730924484757,-0.8816378590035872,0.8111888111888111
2025-12-01,37,25,0.27736841243057087,0.26958752705108147,0.0077808853794893995,0.22873176982144555,0.37962037962037964
2025-12-02,46,38,0.30617519238823937,0.27544633448505873,0.03072885790318064,1.1498878196249325,0.12687312687312688
2025-12-03,30,26,0.2448632299698512,0.2797635651443872,-0.03490033517453603,-1.0474224599035582,0.8591408591408591
2025-12-04,37,30,0.2656619417087933,0.2656749062868805,-1.2964578087193424e-05,-0.00038146408497227773,0.4945054945054945
2025-12-05,69,31,0.29467100025786663,0.28408858986882796,0.010582410389038677,0.3273309911465293,0.37362637362637363
2025-12-06,33,25,0.2683562002603157,0.28097344658369944,-0.012617246323383735,-0.3649241071946472,0.6173826173826173
2025-12-07,44,35,0.2528439836667941,0.27280969130771354,-0.019965707640919428,-0.7254183934407368,0.7582417582417582
2025-12-08,38,28,0.20830217738147858,0.27826488065228555,-0.06996270327080698,-2.182470949758609,0.9920079920079921
2025-12-09,46,36,0.2833442969272049,0.2776566854085909,0.005687611518614022,0.19323490273113358,0.4275724275724276
2025-12-10,48,38,0.26184528760277254,0.2817117488144614,-0.01986646121168889,-0.6887883000420209,0.7412587412587412
2025-12-11,36,34,0.2794176887748187,0.2634889311578538,0.015928757616964884,0.5425706505645003,0.2807192807192807
2025-12-12,37,32,0.28841322322391777,0.28192509995334525,0.006488123270572521,0.21236198477082735,0.4045954045954046
2025-12-13,44,34,0.2920163758489464,0.27684573076033175,0.015170645088614654,0.5448288457984324,0.2977022977022977
2025-12-14,40,29,0.304686957059551,0.2714197772764387,0.03326717978311233,1.0464290013256876,0.15784215784215785
2025-12-15,28,25,0.2793180247990145,0.26685897615730597,0.012459048641708548,0.3554353509499819,0.33666333666333664
2025-12-16,30,27,0.26251002390653355,0.274312538878552,-0.011802514972018452,-0.35156533504830134,0.6353646353646354
2025-12-17,30,24,0.35826899924663214,0.2729196289806565,0.08534937026597561,2.447261669592601,0.008991008991008992
2025-12-18,40,33,0.2683763063165352,0.2670140388092797,0.001362267507255488,0.04445712934179933,0.4805194805194805
2025-12-19,43,33,0.27907279897499143,0.28264111057742847,-0.0035683116024370354,-0.11349298650914359,0.5324675324675324
2025-12-20,53,38,0.26889489359896374,0.2768095460247395,-0.00791465242577577,-0.2851893396252867,0.5974025974025974
2025-12-21,43,33,0.23317069736465004,0.2735765593132987,-0.040405861948648675,-1.3151022283645144,0.9070929070929071
2025-12-22,38,35,0.23398847771005132,0.27072315424778853,-0.03673467653773721,-1.2194061559496676,0.8951048951048951
2025-12-23,40,34,0.244901679013715,0.2832139242249052,-0.0383122452111902,-1.3015100989644566,0.9140859140859141
2025-12-24,29,28,0.26159425912003936,0.27778488928325157,-0.016190630163212205,-0.4756732425784907,0.6653346653346653
2025-12-25,28,21,0.25420476452762353,0.2630835683655765,-0.008878803837952975,-0.2154786710935021,0.5684315684315684
2025-12-26,36,32,0.2516186967233721,0.2894645261247158,-0.03784582940134368,-1.207245794841012,0.8901098901098901
2025-12-27,45,41,0.25442688054388507,0.27315248559690203,-0.018725605053016958,-0.7131397540059231,0.7452547452547452
2025-12-28,33,28,0.27971635337754397,0.27017182720593835,0.009544526171605616,0.28261796499342773,0.3626373626373626
2025-12-29,37,30,0.28159534665793584,0.2659106807537319,0.01568466590420392,0.4826120009543301,0.2947052947052947
2025-12-30,44,34,0.3202157043899393,0.27730083027886926,0.042914874111070034,1.50094117176212,0.06893106893106893
2025-12-31,33,28,0.26338677632360097,0.2824063962735103,-0.019019619949909305,-0.5845111182690779,0.7212787212787213
2026-01-01,30,26,0.23215241732377617,0.26770731928599084,-0.03555490196221467,-1.0070370954370411,0.8431568431568431
2026-01-02,41,35,0.29283887181584045,0.28634284966061846,0.006496022155221992,0.2159986425296502,0.4085914085914086
2026-01-03,52,39,0.269625931892001,0.2722027448410172,-0.002576812949016183,-0.10009970591185717,0.5324675324675324
2026-01-04,41,36,0.29669558787320566,0.2699898171536865,0.026705770719519184,0.9287425980553446,0.16483516483516483
2026-01-05,39,37,0.31566932587610586,0.26594445597531274,0.04972486990079311,1.6998705484871903,0.04895104895104895
2026-01-06,46,38,0.28616796401974914,0.281154886496043,0.0050130775237061664,0.17903580782434264,0.4195804195804196
2026-01-07,39,32,0.2946793505046449,0.27774616416210723,0.016933186342537654,0.5483933529855303,0.2787212787212787
2026-01-08,53,36,0.2538837263179632,0.2694168287574887,-0.015533102439525492,-0.5520675441307064,0.6953046953046953
2026-01-09,42,40,0.2710596049290576,0.28303604716520264,-0.011976442236145024,-0.42254593176233984,0.6483516483516484
2026-01-10,28,26,0.3012700751820538,0.2745706291635793,0.02669944601847446,0.7829987758534379,0.21178821178821178
2026-01-11,68,46,0.3136653664105036,0.2711093367429927,0.042556029667510875,1.7549687255894553,0.04495504495504495
2026-01-12,44,34,0.2910440601800684,0.2701321644214583,0.020911895758610077,0.6802406035204268,0.24775224775224775
2026-01-13,43,30,0.29480083573216503,0.28044316609960174,0.014357669632563297,0.46069886020527007,0.3256743256743257
2026-01-14,47,40,0.2556768969503314,0.2829658571334851,-0.027288960183153688,-0.993176874183958,0.8501498501498501
2026-01-15,43,39,0.24343295469195347,0.27044088512541825,-0.027007930433464777,-1.006934520843526,0.8421578421578422
2026-01-16,32,27,0.28324509019945737,0.28291652990814026,0.00032856029131711484,0.009812860227124541,0.45754245754245754
2026-01-17,51,37,0.24687824188403976,0.279525180069191,-0.03264693818515127,-1.1182463207592186,0.8741258741258742
2026-01-18,46,36,0.26877237100826823,0.27416241611764064,-0.00539004510937241,-0.1948243409112661,0.5754245754245755
2026-01-19,49,37,0.28110736017098076,0.268383193036864,0.012724167134116782,0.4346484279497032,0.3126873126873127
2026-01-20,53,41,0.2469527484149013,0.28652499093795814,-0.03957224252305683,-1.5250296740269893,0.936063936063936
2026-01-21,49,39,0.3292509555316486,0.2777665848409118,0.0514843706907368,1.7952352834611565,0.04195804195804196
2026-01-22,51,40,0.3109416283925039,0.2668755880552474,0.044066040337256474,1.670621084689992,0.05094905094905095
2026-01-23,53,38,0.2825924708659344,0.2854670460368424,-0.0028745751709080003,-0.10396732186030087,0.5184815184815185
2026-01-24,53,45,0.2902667800756203,0.2760739674735999,0.014192812602020377,0.5414952948210171,0.2907092907092907
2026-01-25,44,37,0.3052294594510323,0.27458962753506994,0.030639831915962368,1.1123607889361953,0.13086913086913088
2026-01-26,29,27,0.26133792614247014,0.27110916836492227,-0.009771242222452126,-0.28044578845550494,0.6003996003996004
2026-01-27,49,42,0.26010726119271704,0.28258797580617534,-0.022480714613458297,-0.8639294925453057,0.7992007992007992
2026-01-28,50,39,0.25346736434521705,0.285223560040124,-0.03175619569490695,-1.1042341580394335,0.8601398601398601
2026-01-29,56,45,0.25995421346610714,0.27637326082008123,-0.016419047353974092,-0.6478216943533782,0.7392607392607392
2026-01-30,44,34,0.30804223920614904,0.28477064709951483,0.02327159210663421,0.756475406228402,0.22877122877122877
2026-01-31,45,34,0.34808227802708325,0.2764300264386843,0.07165225158839894,2.5366464759320855,0.002997002997002997
2026-02-01,44,30,0.26257331424294406,0.2795601251318817,-0.016986810888937665,-0.5174920621800293,0.6913086913086913
2026-02-02,62,43,0.28245393514526773,0.26915254663349447,0.01330138851177326,0.4987418609415984,0.2827172827172827
2026-02-03,39,33,0.2751852173066608,0.27899606063810384,-0.003810843331443048,-0.13190034704739664,0.5384615384615384
2026-02-04,34,29,0.28483645779531475,0.2852345089737134,-0.00039805117839863957,-0.011404688580384178,0.4955044955044955
2026-02-05,36,31,0.2740741288542949,0.27486256784214425,-0.0007884389878493603,-0.02588823621625734,0.4905094905094905
2026-02-06,36,31,0.28602744396999685,0.2838046757198315,0.0022227682501653745,0.07370163279664176,0.4515484515484515
2026-02-07,36,32,0.24120291375904188,0.28613836149253996,-0.044935447733498085,-1.3773296867188245,0.9120879120879121
2026-02-08,37,31,0.25632674496847,0.28030396911160166,-0.023977224143131637,-0.7750512475528327,0.7682317682317682
2026-02-09,38,29,0.22021774550003453,0.28140426983563455,-0.06118652433560001,-1.9003403228790297,0.984015984015984
2026-02-10,43,40,0.26536057881554925,0.28392769842290977,-0.018567119607360516,-0.6690666958922058,0.7632367632367633
2026-02-11,37,34,0.2502667713015252,0.2896099295193656,-0.0393431582178404,-1.2782278413046124,0.9010989010989011
2026-02-12,31,24,0.27901252039787006,0.2714176446525908,0.007594875745279284,0.21464967026587856,0.3986013986013986
2026-02-13,44,37,0.2393784773943052,0.2914307304250241,-0.05205225303071889,-1.816883907548967,0.9660339660339661
2026-02-14,48,39,0.24087728389953988,0.28525067803039655,-0.04437339413085667,-1.5534665999823474,0.9530469530469531
2026-02-15,38,30,0.28050400774191664,0.27866590996670354,0.001838097775213099,0.05865662853544953,0.4725274725274725
2026-02-16,46,41,0.29063567572536975,0.274513405158281,0.01612227056708876,0.5944543446456637,0.25874125874125875
2026-02-17,48,41,0.3155311127107609,0.28047201283201845,0.03505909987874245,1.3461230810429536,0.09290709290709291
2026-02-18,42,36,0.25111634463157817,0.2818314643276184,-0.03071511969604024,-1.048807640009798,0.8561438561438561
2026-02-19,44,36,0.260412444877307,0.27271424508588243,-0.012301800208575409,-0.44730484050594366,0.6703296703296703
2026-02-20,34,27,0.329347955049254,0.28715687666750245,0.04219107838175157,1.2724551261127037,0.10589410589410589
2026-02-21,45,33,0.20507263015994245,0.2897492800417988,-0.08467664988185633,-2.831120750508155,1.0
2026-02-22,46,41,0.23327486568970654,0.28412627924886574,-0.0508514135591592,-1.9658089219019488,0.98001998001998
2026-02-23,38,33,0.2180707285891965,0.27736838364432015,-0.05929765505512366,-1.9817782180846073,0.9820179820179821
2026-02-24,40,32,0.24718042099752285,0.29013137404703787,-0.04295095304951502,-1.3977995944397392,0.9270729270729271
2026-02-25,48,40,0.3255850683224265,0.2804116751380159,0.045173393184410604,1.5925304743066377,0.060939060939060936
2026-02-26,35,29,0.2924532332230988,0.27378830809984195,0.018664925123256848,0.5796990161667749,0.2977022977022977
2026-02-27,44,29,0.31344036597873604,0.2925156234101082,0.020924742568627808,0.6288036544508732,0.25274725274725274
2026-02-28,44,40,0.29735559313503823,0.28479580776223984,0.012559785372798393,0.458844709205321,0.33266733266733267
2026-03-01,42,36,0.2591608744965742,0.28022022285445053,-0.021059348357876317,-0.7231173243421454,0.7502497502497503
2026-03-02,64,45,0.319449099933899,0.2724202854268791,0.047028814507019845,1.8159324427293995,0.04495504495504495
2026-03-03,38,31,0.3028196647482364,0.2820464644952656,0.020773200252970803,0.6676510789411769,0.24175824175824176
2026-03-04,41,35,0.24943149920968513,0.2866683786437116,-0.037236879434026454,-1.2185450580369954,0.8901098901098901
2026-03-05,34,29,0.2766913997703031,0.27368879326405327,0.0030026065062498386,0.09511924507579272,0.44155844155844154
2026-03-06,29,25,0.24028373468506686,0.29451607623608705,-0.05423234155102019,-1.4858655759559085,0.939060939060939
2026-03-07,46,35,0.32257339505521176,0.2849444122093931,0.03762898284581867,1.3335888211920346,0.0899100899100899
2026-03-08,60,52,0.27939535594171594,0.27842955939296815,0.0009657965487477882,0.04417315401692655,0.4775224775224775
2026-03-09,51,41,0.27063513792166216,0.2737773884313051,-0.003142250509642952,-0.11794642122165433,0.5244755244755245
2026-03-10,39,31,0.2838603589287943,0.2818117707491083,0.002048588179686006,0.06786999267901699,0.4825174825174825
2026-03-11,36,31,0.3339307571492437,0.27408466508368057,0.05984609206556313,1.8958130194763456,0.03396603396603397
2026-03-12,42,31,0.28816295009510284,0.27714831390048833,0.011014636194614513,0.3674603525265763,0.34665334665334663
2026-03-13,51,45,0.3021483422207138,0.2955041022509674,0.0066442399697463905,0.2489423689222199,0.3946053946053946
2026-03-14,35,30,0.34924587673493,0.28097960033103364,0.06826627640389638,2.2831669517821096,0.014985014985014986
2026-03-15,47,34,0.2758779214822056,0.2773966785857006,-0.0015187571034950276,-0.055816147532339565,0.5074925074925075
2026-03-16,49,38,0.2693970567248691,0.27451503264711563,-0.005117975922246554,-0.1909444604148197,0.5424575424575424
2026-03-17,45,36,0.3144774560831591,0.2773303434024175,0.037147112680741556,1.2987958823216617,0.0919080919080919
2026-03-18,48,38,0.28010812533871177,0.28037901614646094,-0.00027089080774916896,-0.009248441008894489,0.4885114885114885
2026-03-19,36,29,0.2952625761247663,0.2823737676087997,0.012888808515966632,0.4136460890176245,0.34665334665334663
2026-03-20,33,23,0.2774940232243275,0.2926186398385439,-0.015124616614216435,-0.40170392431054097,0.6293706293706294
2026-03-21,35,32,0.2733092125426079,0.2859190515979365,-0.012609839055328587,-0.42142439004670473,0.6653346653346653
2026-03-22,53,41,0.33225429834475917,0.2723045013455677,0.05994979699919145,2.3919586302650484,0.011988011988011988
2026-03-23,41,32,0.27186312222903875,0.2739775647189407,-0.0021144424899019465,-0.07016666133666326,0.5204795204795205
2026-03-24,40,31,0.2562254207148006,0.28601875545489575,-0.029793334740095156,-0.9325159984912226,0.8211788211788211
2026-03-25,41,31,0.3315081002188339,0.271731187015196,0.05977691320363793,1.9253945073906344,0.03296703296703297
2026-03-26,37,31,0.303072226352851,0.2826269635636906,0.020445262789160423,0.7002782344815722,0.23476523476523475
2026-03-27,53,35,0.3121105534353687,0.2900884582252574,0.02202209521011128,0.7481506773654182,0.22977022977022976
2026-03-28,37,31,0.2922549362767375,0.28547571775808317,0.0067792185186543175,0.21889470484552875,0.4005994005994006
2026-03-29,32,30,0.26751436762957936,0.2705920074141176,-0.003077639784538233,-0.10396479588016763,0.5174825174825175
2026-03-30,42,33,0.27841427055340995,0.27533223220550673,0.0030820383479032154,0.10101744970076725,0.4435564435564436
2026-03-31,40,32,0.29039267511967765,0.28224457806535314,0.00814809705432451,0.2638877945700077,0.36663336663336665
2026-04-01,35,30,0.2934182723451497,0.2741360158963037,0.019282256448846014,0.6050981869547546,0.2597402597402597
2026-04-02,37,30,0.2590121691133489,0.28537089248708364,-0.026358723373734738,-0.8761574904534817,0.7952047952047953
2026-04-03,37,33,0.26533052009843716,0.29344046864169065,-0.028109948543253493,-0.9280444393879629,0.8271728271728271
2026-04-04,38,31,0.32826450023324355,0.27772769770516054,0.050536802528083014,1.7536886317537357,0.04895104895104895
2026-04-05,27,23,0.2775573260870967,0.2699611300009997,0.007596196086097018,0.221035259408429,0.3996003996003996
2026-04-06,55,41,0.3024800362118779,0.2765401746426499,0.025939861569228007,0.937259639741216,0.17882117882117882
2026-04-07,33,30,0.35346007977088156,0.2753776462517383,0.07808243351914329,2.6041139459715597,0.005994005994005994
2026-04-08,40,32,0.2867354165160751,0.2744554720265474,0.012279944489527683,0.4000784894069228,0.32667332667332666
2026-04-09,32,29,0.2513508408537867,0.28756018158926355,-0.03620934073547688,-1.1783971384421645,0.8841158841158842
2026-04-10,57,43,0.33521040929481605,0.2819263486473769,0.053284060647439124,2.055959852408691,0.023976023976023976
2026-04-11,34,27,0.282426278179806,0.2812237265465519,0.0012025516332540565,0.037991482139012364,0.46153846153846156
2026-04-12,44,36,0.27985401929390674,0.26868952719039,0.011164492103516721,0.40059022408020967,0.34465534465534464
2026-04-13,56,44,0.2704076602465021,0.283923014340427,-0.013515354093924903,-0.5250368479555791,0.6853146853146853
2026-04-14,42,36,0.28698727992250056,0.2782076961665454,0.008779583755955167,0.31948380472747717,0.37962037962037964
2026-04-15,36,32,0.2376039609641577,0.27695221302510287,-0.039348252060945166,-1.2208000954559328,0.8821178821178821
2026-04-16,36,32,0.2726665544169514,0.2862817727648801,-0.01361521834792867,-0.45977497783003246,0.6713286713286714
2026-04-17,45,30,0.3152138931985624,0.28722515498607915,0.027988738212483266,0.8812440976613501,0.1798201798201798
2026-04-18,49,42,0.31478978464231533,0.28089884123046116,0.03389094341185417,1.4131057332503,0.07692307692307693
2026-04-19,26,22,0.26005903204564484,0.2707291467812919,-0.010670114735647052,-0.306989500774324,0.6043956043956044
2026-04-20,36,30,0.23447685795693068,0.2847898825523011,-0.050313024595370404,-1.5950408699541567,0.954045954045954
2026-04-21,42,34,0.29506069776884997,0.27778371487508047,0.0172769828937695,0.609164242487141,0.26573426573426573
2026-04-22,35,29,0.2889888418216669,0.2778668367053258,0.011122005116341094,0.3427385048438275,0.34765234765234765
2026-04-23,26,18,0.3518065577190619,0.28709367998860036,0.06471287773046153,1.7033999110676208,0.057942057942057944
2026-04-24,28,22,0.3171740290744057,0.2814387328003271,0.035735296274078565,0.9207367595570332,0.18181818181818182
2026-04-25,42,31,0.30104565087149165,0.2907596850731022,0.010285965798389474,0.33776064274982237,0.34565434565434566
2026-04-26,27,24,0.23697578749375325,0.2729655669494565,-0.03598977945570325,-1.051970201633388,0.8521478521478522
2026-04-27,30,20,0.30978490759608623,0.2858898857799212,0.02389502181616504,0.6238009407388864,0.27172827172827174
2026-04-28,23,20,0.23491498793780133,0.28147398287588865,-0.04655899493808732,-1.2452038029334813,0.8981018981018981
2026-04-29,30,27,0.2556561027736814,0.27361183528225624,-0.01795573250857485,-0.5427796479451362,0.6963036963036963
2026-04-30,32,27,0.2289084440576889,0.2899110671933825,-0.0610026231356936,-1.9916472834126806,0.9790209790209791
2026-05-01,34,27,0.23244085668586556,0.2847201944938458,-0.05227933780798022,-1.4630708365386493,0.942057942057942
2026-05-02,39,34,0.264331654808967,0.2897528391922099,-0.025421184383242923,-0.8847526912165048,0.8061938061938062
2026-05-03,43,31,0.2964518342628742,0.2729130868535273,0.023538747409346916,0.7749902777272812,0.2097902097902098
2026-05-04,47,36,0.2668883665406842,0.28427129608975793,-0.017382929549073722,-0.6163262737251116,0.7252747252747253
2026-05-05,42,27,0.2715547847504824,0.27873976476541357,-0.007184980014931175,-0.21954902366448314,0.5624375624375625
2026-05-06,33,24,0.1793025608585277,0.2796292840946039,-0.10032672323607622,-2.788874718094506,0.999000999000999
2026-05-07,45,24,0.335931282921567,0.2815356057141801,0.05439567720738686,1.531741361013515,0.06593406593406594
2026-05-08,30,26,0.3618709665448185,0.27953711975810835,0.08233384678671013,2.4149801537454088,0.013986013986013986
2026-05-09,38,31,0.25163232137177366,0.28784098240979245,-0.036208661038018786,-1.216960496663294,0.8951048951048951
2026-05-10,41,32,0.29369175251366575,0.274014221673218,0.019677530840447766,0.6818635340623729,0.24775224775224775
2026-05-11,39,30,0.32541181521138457,0.28017088284211594,0.04524093236926863,1.472042917683002,0.07592407592407592
2026-05-12,29,22,0.271838242405406,0.2750974539474828,-0.003259211542076812,-0.08948276227052378,0.5364635364635365
2026-05-13,21,19,0.2761056096868804,0.27138549184260674,0.004720117844273675,0.11680018617373479,0.4355644355644356
2026-05-14,46,31,0.30177454498219,0.28305658947035967,0.01871795551183031,0.661844413872039,0.25274725274725274
2026-05-15,45,37,0.2482781268837543,0.2858176255304394,-0.03753949864668507,-1.3149412791645136,0.9170829170829171
2026-05-16,38,27,0.26074548149555954,0.2836061425169338,-0.02286066102137424,-0.7250412274958744,0.7742257742257742
2026-05-17,32,25,0.23354979057185815,0.2790255268531831,-0.04547573628132495,-1.3642365272710122,0.9270729270729271
2026-05-18,37,31,0.2707340085721475,0.28731196608590925,-0.016577957513761732,-0.535244340451284,0.7062937062937062
2026-05-19,45,37,0.2955089225487127,0.2698901728497612,0.025618749698951504,0.9269927857191989,0.17582417582417584
2026-05-20,39,32,0.266642570417675,0.2712797272198687,-0.0046371568021937315,-0.15079782361256205,0.5484515484515484
2026-05-21,34,26,0.32431695879429623,0.28033543752405365,0.043981521270242574,1.3763837545085187,0.09090909090909091
2026-05-22,40,31,0.2584132155514749,0.28536021107481746,-0.026946995523342565,-0.821901636221335,0.7822177822177823
2026-05-23,35,29,0.2710070310168494,0.28317461418865403,-0.012167583171804608,-0.4003318113294775,0.6493506493506493
2026-05-24,27,24,0.22026000296914353,0.2738483114737208,-0.05358830850457727,-1.5618662622740596,0.948051948051948
2026-05-25,39,34,0.29695435862652625,0.28490655576418067,0.01204780286234558,0.4412640217163883,0.31868131868131866
2026-05-26,36,26,0.24891739432200072,0.27391444447489366,-0.02499705015289294,-0.7770774361300733,0.7812187812187812
2026-05-27,36,32,0.2503330016330104,0.2676090614912715,-0.017276059858261084,-0.5581698754901093,0.7012987012987013
2026-05-28,53,39,0.2773808103360138,0.28401524300049186,-0.006634432664478052,-0.2564371023994079,0.5914085914085914
2026-05-29,34,28,0.32411837148743955,0.274346031868776,0.049772339618663564,1.4919344701675312,0.06993006993006994
2026-05-30,25,22,0.2583143067764054,0.28311819733288823,-0.024803890556482855,-0.6978904343718035,0.7392607392607392
2026-05-31,26,23,0.23882217159976876,0.27238739909546816,-0.0335652274956994,-1.0219395183324904,0.8441558441558441
2026-06-01,44,33,0.3096400012205288,0.2859988236953007,0.023641177525228096,0.7998702241559067,0.21878121878121878
2026-06-02,46,33,0.23225618159257339,0.27530248325698403,-0.04304630166441065,-1.4928724259459731,0.939060939060939
2026-06-03,35,27,0.2895838177059181,0.2611987648412303,0.028385052864687843,0.9013957269099163,0.18081918081918083
2026-06-04,30,24,0.27601994777937383,0.2865829006010703,-0.010562952821696447,-0.3130874035251011,0.6173826173826173
2026-06-05,41,25,0.21471731860687118,0.2870324944045081,-0.07231517579763694,-2.038686606905577,0.9790209790209791
2026-06-06,32,26,0.2632257802288359,0.27678843216356364,-0.01356265193472772,-0.4191686591374247,0.6513486513486514
2026-06-07,34,27,0.2699326186717749,0.2694418251261154,0.000490793545659507,0.016481391520909373,0.4825174825174825
2026-06-08,34,24,0.3307854502710239,0.2811765610706917,0.049608889200332185,1.4540354720822366,0.07292707292707293
2026-06-09,33,29,0.24501460379739495,0.2662601789290354,-0.021245575131640465,-0.7550296271687723,0.7752247752247752
2026-06-10,39,28,0.2566881438360295,0.2610282679164944,-0.004340124080464913,-0.1426918963486582,0.5324675324675324
2026-06-13,36,23,0.2715116802308794,0.2752471918564204,-0.003735511625540977,-0.112180129617471,0.5264735264735265
2026-06-14,36,24,0.2492131692770967,0.27021412040318094,-0.021000951126084244,-0.6464669363317933,0.7382617382617382
2026-06-17,26,21,0.2802583629190575,0.2611218509705345,0.019136511948523005,0.504821060929865,0.2887112887112887
2026-06-18,28,19,0.3069377749445458,0.2871055446161488,0.019832230328397038,0.510878753927703,0.2967032967032967
2026-06-20,21,15,0.3263658123688682,0.26544423277181717,0.06092157959705102,1.4483466877070823,0.07792207792207792
2026-06-21,24,22,0.24462635138618585,0.2686032985810585,-0.023976947194872672,-0.6977813766342054,0.7472527472527473
2026-06-22,20,15,0.30825959814790493,0.2935891484331141,0.014670449714790812,0.318658724598187,0.35564435564435565
2026-06-24,28,23,0.2714492075417654,0.2589645079767522,0.012484699565013191,0.37826471135237094,0.34665334665334663
2026-06-28,29,21,0.3475558336822726,0.26706793304341614,0.08048790063885647,2.2374918280297753,0.016983016983016984
2026-06-30,25,18,0.3162735357352249,0.25626996230329274,0.06000357343193213,1.6993737668036444,0.04695304695304695
2026-07-05,23,21,0.2992483889123942,0.2646481455923868,0.034600243320007384,0.985853226474013,0.16483516483516483
2026-07-06,21,14,0.35167236750473524,0.29342848814656647,0.05824387935816877,1.2737246726589415,0.1018981018981019
2026-07-07,26,23,0.21050802356462708,0.26529312742186856,-0.054785103857241474,-1.6873798613048254,0.962037962037962
2026-07-08,30,25,0.26835244876386566,0.26784598114390173,0.000506467619963924,0.016269846794173867,0.4835164835164835
