,DreamSeer-EN,DreamSeer-RU,DreamBank,Reddit r/Dreams,SDDb
falling,0.01965,0.09732856899778798,0.0212,0.05295,0.02155
being chased,0.03045,0.04424025863535817,0.0265,0.05745,0.03185
teeth,0.0137,0.02126935511315297,0.00995,0.02255,0.0068
death/dying,0.06495,0.06755147183937384,0.0619,0.15915,0.06285
water/drown,0.0718,0.09392547217968351,0.09875,0.08685,0.0983
fire,0.02,0.03573251659009699,0.0323,0.0484,0.0324
snake,0.0176,0.050025523226135786,0.0089,0.014,0.0098
monster/beast,0.03635,0.034371277862855196,0.03465,0.10295,0.04065
flying,0.0239,0.07061425897566785,0.0363,0.0537,0.0428
naked/exposed,0.0132,0.11213204015654245,0.01915,0.0135,0.01585
late/exam,0.04745,0.044750723158073845,0.0565,0.06635,0.05505
lost,0.04015,0.028245703590267145,0.04725,0.058,0.0518
trapped/frozen,0.02085,0.017355793772332824,0.02275,0.0664,0.02235
attacked,0.0495,0.07350689127105667,0.05745,0.15095,0.0522
intruder,0.0076,0.034371277862855196,0.0102,0.02185,0.0095
