date,lang,feature,value,z,n_dreams,n_users
2024-07-06,all,anger_mean,0.2622380952380952,3.43,21.0,17.0
2024-09-09,all,anger_mean,0.3108,3.82,20.0,16.0
2024-09-18,all,nightmare_index_mean,0.1457866666666666,-3.19,25.0,21.0
2024-10-07,all,nightmare_index_mean,0.1655138888888888,-3.06,24.0,19.0
2024-10-08,all,nightmare_index_mean,0.1394202898550724,-3.55,23.0,21.0
2024-12-14,all,nightmare_index_mean,0.1207878787878787,-3.94,22.0,18.0
2024-12-25,all,nightmare_index_mean,0.1727666666666666,-3.11,20.0,17.0
2025-01-14,all,fear_mean,0.102875,-4.18,24.0,13.0
2025-01-14,all,anger_mean,0.0892083333333333,-3.05,24.0,13.0
2025-01-14,all,sadness_mean,0.0926666666666666,-3.43,24.0,13.0
2025-03-10,all,anger_mean,0.3091851851851852,3.27,29.0,23.0
2025-05-07,all,sadness_mean,0.4099464285714286,3.23,57.0,43.0
2025-05-08,all,anger_mean,0.41046875,4.14,32.0,30.0
2025-05-08,all,sadness_mean,0.4329375,3.45,32.0,30.0
2025-07-06,all,nightmare_index_mean,0.194,-3.99,40.0,37.0
2025-07-11,all,anger_mean,0.4098510638297872,3.23,47.0,34.0
2025-09-13,all,anger_mean,0.3795882352941176,3.06,34.0,29.0
2025-11-08,all,sadness_mean,0.3963809523809523,3.21,42.0,38.0
2025-11-16,all,fear_mean,0.4320217391304347,3.5,46.0,41.0
2025-11-18,all,fear_mean,0.4559777777777778,3.39,45.0,41.0
2025-11-19,all,fear_mean,0.4513962264150943,3.14,53.0,43.0
2025-12-16,all,anger_mean,0.33855,3.31,40.0,35.0
2025-12-17,all,anger_mean,0.1952083333333333,-3.58,48.0,39.0
2025-12-18,all,anger_mean,0.1967068965517241,-3.44,58.0,43.0
2026-01-02,all,sadness_mean,0.414984375,3.49,64.0,53.0
2026-01-12,all,nightmare_index_mean,0.2457385620915032,-4.35,52.0,42.0
2026-01-23,all,nightmare_index_mean,0.280662037037037,-3.23,72.0,50.0
2026-01-29,all,sadness_mean,0.3853142857142857,3.34,70.0,56.0
2026-02-01,all,nightmare_index_mean,0.2834635416666666,-4.48,65.0,48.0
2026-02-03,all,nightmare_index_mean,0.2821399999999999,-3.84,50.0,42.0
2026-03-25,all,negativity_mean,0.1460867346938775,3.03,49.0,39.0
2026-03-25,all,fear_mean,0.4735510204081632,3.19,49.0,39.0
2026-05-10,all,negativity_mean,0.1281323529411764,3.72,51.0,41.0
2026-05-29,all,negativity_mean,0.12835,3.08,41.0,35.0
2024-06-10,en,anger_mean,0.2981875,3.27,32.0,16.0
2024-07-06,en,anger_mean,0.2622380952380952,3.43,21.0,17.0
2024-09-09,en,anger_mean,0.3108,3.82,20.0,16.0
2024-09-18,en,nightmare_index_mean,0.1457866666666666,-3.19,25.0,21.0
2024-10-07,en,nightmare_index_mean,0.1655138888888888,-3.06,24.0,19.0
2024-10-08,en,nightmare_index_mean,0.1064761904761904,-4.17,21.0,20.0
2024-12-14,en,nightmare_index_mean,0.1207878787878787,-3.98,22.0,18.0
2025-01-14,en,fear_mean,0.102875,-4.28,24.0,13.0
2025-01-14,en,anger_mean,0.0892083333333333,-3.05,24.0,13.0
2025-01-14,en,sadness_mean,0.0926666666666666,-3.43,24.0,13.0
2025-03-10,en,anger_mean,0.2942,3.23,27.0,22.0
2025-05-03,en,anger_mean,0.2907540983606558,3.15,61.0,49.0
2025-05-07,en,anger_mean,0.278063829787234,3.03,48.0,39.0
2025-05-07,en,sadness_mean,0.3954255319148936,3.07,48.0,39.0
2025-05-08,en,anger_mean,0.3916071428571429,5.95,28.0,26.0
2025-05-08,en,sadness_mean,0.4250714285714286,3.63,28.0,26.0
2025-05-09,en,anger_mean,0.317470588235294,3.65,34.0,32.0
2025-06-23,en,nightmare_index_mean,0.2152878787878787,-3.13,22.0,21.0
2025-06-25,en,sadness_mean,0.1574285714285714,-3.04,22.0,17.0
2025-06-26,en,negativity_mean,-0.0360125,-3.07,20.0,18.0
2025-06-26,en,nightmare_index_mean,0.1519666666666666,-4.85,20.0,18.0
2025-06-30,en,nightmare_index_mean,0.1849259259259259,-3.09,27.0,24.0
2025-07-06,en,nightmare_index_mean,0.07156,-4.37,25.0,22.0
2025-07-20,en,anger_mean,0.3761,3.13,20.0,16.0
2025-09-02,en,sadness_mean,0.3857575757575757,3.24,33.0,31.0
2025-09-14,en,negativity_mean,0.1559326923076923,3.17,26.0,23.0
2025-10-02,en,negativity_mean,-0.09815,-3.45,20.0,19.0
2025-10-02,en,fear_mean,0.19565,-3.0,20.0,19.0
2025-11-08,en,sadness_mean,0.3931666666666667,4.19,30.0,27.0
2025-11-16,en,sadness_mean,0.3471923076923077,3.21,26.0,23.0
2025-11-18,en,nightmare_index_mean,0.4488749999999999,3.32,24.0,22.0
2025-11-18,en,fear_mean,0.5033333333333333,3.83,24.0,22.0
2025-11-18,en,anger_mean,0.3265833333333333,3.16,24.0,22.0
2025-11-18,en,sadness_mean,0.450375,5.26,24.0,22.0
2025-11-19,en,fear_mean,0.4677297297297297,3.21,37.0,27.0
2025-12-16,en,anger_mean,0.2954333333333333,3.05,30.0,27.0
2025-12-31,en,anger_mean,0.304375,3.23,33.0,28.0
2026-01-02,en,anger_mean,0.3155853658536585,3.41,41.0,35.0
2026-01-02,en,sadness_mean,0.4241951219512195,3.41,41.0,35.0
2026-01-12,en,nightmare_index_mean,0.2116589147286822,-3.07,44.0,34.0
2026-01-18,en,fear_mean,0.2511956521739131,-3.01,46.0,36.0
2026-01-31,en,fear_mean,0.487111111111111,3.01,45.0,34.0
2026-01-31,en,sadness_mean,0.4068666666666667,3.57,45.0,34.0
2026-02-01,en,negativity_mean,-0.0242840909090909,-3.2,44.0,30.0
2026-02-01,en,nightmare_index_mean,0.2245984848484848,-3.56,44.0,30.0
2026-02-18,en,fear_mean,0.2286190476190475,-3.68,42.0,36.0
2026-03-19,en,anger_mean,0.3342285714285714,4.22,36.0,29.0
2026-03-21,en,anger_mean,0.3086571428571428,3.56,35.0,32.0
2026-04-04,en,anger_mean,0.3341315789473684,3.95,38.0,31.0
2026-05-10,en,negativity_mean,0.1543048780487804,3.6,41.0,32.0
2026-05-29,en,fear_mean,0.4533529411764706,3.17,34.0,28.0
2026-06-22,en,anger_mean,0.35775,3.06,20.0,15.0
2025-10-26,ru,fear_mean,0.3218461538461538,-3.05,26.0,20.0
2025-11-27,ru,negativity_mean,0.0045925925925925,-3.34,27.0,23.0
2026-02-28,ru,fear_mean,0.3377894736842105,-4.89,20.0,12.0
2026-02-28,ru,anger_mean,0.2854210526315789,-4.39,20.0,12.0
2026-02-28,ru,sadness_mean,0.321,-3.41,20.0,12.0
